TEAM,YEAR,GP,W,L,WIN%,MIN,PTS,FGM,FGA,FG%,3PM,3PA,3P%,FTM,FTA,FT%,OREB,DREB,REB,AST,TOV,STL,BLK,BLKA,PF,PFD,+/-,LOCATION
Dallas Mavericks,2019-20,34.0,19.0,15.0,0.559,48.6,116.1,41.4,89.6,46.2,14.8,40.4,36.7,18.4,23.9,77.2,10.4,35.9,46.3,24.2,12.8,6.1,4.9,4.1,18.8,21.5,6.0,Home
Houston Rockets,2019-20,32.0,22.0,10.0,0.688,48.0,119.0,41.8,92.1,45.3,14.7,43.7,33.7,20.8,26.8,77.6,10.6,36.3,46.9,22.0,13.8,8.3,5.5,4.5,21.5,20.8,6.8,Home
Milwaukee Bucks,2019-20,31.0,28.0,3.0,0.903,48.2,121.7,44.7,91.9,48.6,14.5,39.1,37.2,17.8,24.7,72.3,10.3,42.4,52.7,27.8,14.6,7.1,6.0,4.8,19.3,21.1,14.7,Home
Miami Heat,2019-20,32.0,27.0,5.0,0.844,48.8,116.4,41.0,84.1,48.7,14.1,34.6,40.9,20.3,25.8,78.7,8.5,36.3,44.8,27.2,14.8,7.3,4.2,4.4,19.5,21.8,9.3,Home
Toronto Raptors,2019-20,32.0,23.0,9.0,0.719,48.3,115.9,41.6,89.2,46.6,14.1,37.2,38.0,18.6,23.1,80.5,9.8,36.3,46.1,26.1,14.0,8.9,4.8,4.8,21.3,20.0,8.7,Home
New Orleans Pelicans,2019-20,32.0,13.0,19.0,0.406,48.5,118.4,42.9,92.2,46.6,14.1,38.0,37.0,18.5,25.2,73.2,11.7,35.7,47.4,27.8,15.3,7.6,5.2,4.7,20.6,21.7,1.1,Home
Portland Trail Blazers,2019-20,32.0,18.0,14.0,0.563,48.3,116.7,42.2,90.2,46.8,13.6,34.5,39.5,18.6,22.7,81.8,10.1,36.8,46.9,20.7,13.6,6.0,6.9,5.0,20.9,20.4,1.9,Home
Utah Jazz,2019-20,31.0,21.0,10.0,0.677,48.0,110.9,40.5,85.2,47.5,13.0,34.1,38.0,17.0,22.0,77.0,8.8,37.5,46.3,22.2,15.1,5.8,3.6,4.6,19.8,21.0,4.4,Home
Brooklyn Nets,2019-20,32.0,18.0,14.0,0.563,48.3,111.2,40.4,88.1,45.8,12.8,35.8,35.9,17.6,24.3,72.3,10.8,38.0,48.8,24.2,16.9,6.8,4.2,4.8,20.3,20.8,1.7,Home
Boston Celtics,2019-20,32.0,23.0,9.0,0.719,48.6,115.6,41.9,89.8,46.6,12.8,34.3,37.2,19.1,23.5,81.1,10.2,35.0,45.3,23.8,13.2,8.2,5.8,5.5,20.8,21.1,8.2,Home
Minnesota Timberwolves,2019-20,32.0,8.0,24.0,0.25,48.6,110.7,39.8,92.9,42.9,12.8,40.0,31.9,18.3,24.8,73.9,11.6,35.1,46.7,23.8,14.7,8.8,5.9,5.3,21.2,21.0,-4.7,Home
LA Clippers,2019-20,32.0,25.0,7.0,0.781,48.2,117.6,42.3,90.2,46.9,12.7,33.8,37.5,20.3,25.8,78.8,11.6,37.8,49.4,24.5,15.1,7.1,5.6,5.0,21.8,23.4,9.1,Home
Detroit Pistons,2019-20,33.0,11.0,22.0,0.333,48.6,109.3,40.2,85.8,46.9,12.2,32.6,37.4,16.6,22.6,73.6,9.8,32.0,41.9,24.6,15.0,7.0,4.6,5.1,19.5,20.1,-2.1,Home
Sacramento Kings,2019-20,31.0,14.0,17.0,0.452,48.5,109.3,40.6,87.5,46.5,12.2,33.8,36.0,15.9,20.7,76.5,9.5,33.5,43.0,22.5,14.8,7.4,4.3,3.9,22.3,19.7,-2.1,Home
Charlotte Hornets,2019-20,31.0,10.0,21.0,0.323,48.5,104.2,37.8,85.7,44.1,12.1,33.8,35.7,16.6,22.3,74.5,11.1,31.4,42.5,24.2,15.2,6.4,4.5,5.2,18.9,20.8,-5.3,Home
Washington Wizards,2019-20,32.0,16.0,16.0,0.5,48.3,115.0,41.7,90.8,45.9,12.0,32.0,37.6,19.6,25.0,78.5,10.4,32.7,43.1,24.6,13.9,8.1,4.1,5.2,22.4,22.2,-0.7,Home
Chicago Bulls,2019-20,34.0,14.0,20.0,0.412,48.0,106.1,39.4,88.8,44.4,12.0,34.6,34.7,15.3,20.3,75.3,11.1,32.3,43.4,23.3,16.2,9.9,4.4,6.1,22.0,19.5,-1.5,Home
Phoenix Suns,2019-20,35.0,13.0,22.0,0.371,48.1,113.7,40.9,86.8,47.1,11.9,33.1,36.0,20.0,24.3,82.2,8.9,34.4,43.3,27.0,15.0,7.1,4.3,5.0,21.7,23.7,0.1,Home
Atlanta Hawks,2019-20,34.0,14.0,20.0,0.412,48.7,114.6,41.7,91.0,45.8,11.9,34.3,34.7,19.3,24.3,79.2,10.2,34.3,44.5,24.5,16.0,7.3,5.3,6.8,23.6,21.7,-2.8,Home
Cleveland Cavaliers,2019-20,36.0,11.0,25.0,0.306,48.4,108.6,40.8,88.3,46.2,11.9,32.2,36.8,15.1,19.6,77.3,11.3,33.8,45.1,23.9,16.2,6.9,3.6,6.1,17.9,19.2,-6.5,Home
Philadelphia 76ers,2019-20,31.0,29.0,2.0,0.935,48.2,112.9,42.3,87.1,48.5,11.2,29.7,37.6,17.1,22.5,76.1,10.5,36.5,47.0,27.1,14.4,8.4,5.5,3.4,19.2,19.9,10.4,Home
Los Angeles Lakers,2019-20,31.0,23.0,8.0,0.742,48.0,114.5,43.0,88.9,48.3,11.0,31.5,35.0,17.5,23.2,75.2,11.1,36.3,47.4,26.7,15.3,8.7,7.2,3.3,20.4,21.0,9.3,Home
San Antonio Spurs,2019-20,30.0,16.0,14.0,0.533,48.8,113.5,42.3,89.9,47.1,11.0,28.9,38.1,17.8,21.8,81.5,9.3,36.5,45.8,25.8,13.6,7.1,6.1,5.0,19.4,20.0,1.1,Home
Orlando Magic,2019-20,31.0,16.0,15.0,0.516,48.2,104.9,38.9,88.8,43.8,10.9,33.0,32.9,16.3,21.5,75.9,10.8,35.4,46.2,24.5,12.8,8.1,5.5,4.8,17.5,18.7,-0.4,Home
Golden State Warriors,2019-20,34.0,8.0,26.0,0.235,48.3,107.0,38.5,86.9,44.2,10.7,31.8,33.8,19.3,23.5,82.0,9.6,33.3,42.9,26.2,15.7,8.0,4.2,4.4,20.6,19.8,-8.7,Home
Memphis Grizzlies,2019-20,33.0,18.0,15.0,0.545,48.2,113.4,43.3,91.0,47.5,10.7,30.8,34.7,16.1,21.1,76.3,10.9,36.2,47.1,27.8,15.2,8.1,6.1,4.5,20.2,19.8,0.6,Home
Oklahoma City Thunder,2019-20,33.0,20.0,13.0,0.606,48.3,113.0,41.4,85.2,48.5,10.5,29.2,36.1,19.8,24.5,80.6,8.2,34.1,42.3,22.7,13.6,7.3,5.0,3.8,19.1,22.6,3.9,Home
Denver Nuggets,2019-20,33.0,25.0,8.0,0.758,48.3,111.3,42.4,88.7,47.8,10.2,29.3,34.9,16.3,21.5,75.7,10.7,34.4,45.1,27.5,12.9,7.9,4.6,4.2,19.8,20.6,6.0,Home
Indiana Pacers,2019-20,32.0,21.0,11.0,0.656,48.5,110.1,42.1,88.6,47.5,9.5,27.4,34.7,16.3,20.9,78.2,9.3,35.0,44.3,26.0,12.8,6.8,5.8,4.0,19.0,19.8,4.5,Home
New York Knicks,2019-20,33.0,11.0,22.0,0.333,48.0,105.4,39.8,88.8,44.9,9.2,27.7,33.2,16.5,23.8,69.5,12.5,34.3,46.8,22.2,14.6,7.4,5.1,5.5,22.0,19.7,-5.1,Home
Houston Rockets,1999-00,41.0,22.0,19.0,0.537,48.2,101.1,37.7,82.2,45.9,7.3,20.2,36.0,18.4,25.3,72.6,12.4,32.4,44.8,23.4,16.6,7.3,5.5,4.5,20.4,1.8,3.2,Home
Indiana Pacers,1999-00,41.0,36.0,5.0,0.878,48.1,104.0,38.0,80.5,47.2,7.1,17.6,40.5,20.9,25.5,81.8,9.6,32.8,42.4,23.0,13.0,7.0,5.6,3.7,20.9,2.4,9.3,Home
Sacramento Kings,1999-00,41.0,30.0,11.0,0.732,48.4,106.8,40.9,89.3,45.8,7.0,21.0,33.1,18.1,24.1,74.9,13.1,33.5,46.7,24.1,15.6,9.0,5.0,4.8,20.7,2.4,8.9,Home
Seattle SuperSonics,1999-00,41.0,24.0,17.0,0.585,48.0,99.8,38.2,84.2,45.4,6.7,19.5,34.1,16.7,23.7,70.6,12.9,30.2,43.0,24.3,14.2,8.7,4.1,4.6,21.9,2.4,3.8,Home
Denver Nuggets,1999-00,41.0,25.0,16.0,0.61,48.6,102.0,38.1,85.6,44.5,6.4,17.5,36.7,19.5,27.0,72.3,14.3,32.0,46.3,25.5,15.2,6.9,10.0,6.2,24.2,2.6,3.7,Home
Dallas Mavericks,1999-00,41.0,22.0,19.0,0.537,48.0,102.0,39.5,86.4,45.7,6.0,15.6,38.7,17.0,21.1,80.5,11.3,30.8,42.1,21.6,13.6,7.0,6.2,5.2,22.1,4.5,0.8,Home
New Jersey Nets,1999-00,41.0,22.0,19.0,0.537,48.2,101.0,37.0,84.9,43.5,5.6,16.7,33.4,21.5,27.2,79.0,14.1,28.5,42.6,21.9,13.1,8.7,5.1,4.9,24.2,2.8,2.5,Home
Miami Heat,1999-00,41.0,33.0,8.0,0.805,48.6,98.1,38.0,80.5,47.3,5.5,15.4,35.8,16.5,22.1,74.6,12.0,32.7,44.7,24.0,14.5,7.4,6.9,3.9,23.4,2.3,8.5,Home
Boston Celtics,1999-00,41.0,26.0,15.0,0.634,48.0,101.0,37.9,84.4,44.9,5.5,15.0,36.4,19.8,26.3,75.3,14.2,30.8,45.0,23.2,15.0,10.5,4.0,4.8,25.8,2.1,4.7,Home
Phoenix Suns,1999-00,41.0,32.0,9.0,0.78,48.4,101.1,38.7,82.2,47.1,5.4,14.8,36.5,18.3,23.8,76.8,12.2,31.4,43.7,27.3,16.8,9.1,5.9,4.8,23.8,3.0,9.1,Home
Detroit Pistons,1999-00,41.0,27.0,14.0,0.659,48.2,103.9,37.2,80.8,46.0,5.2,14.7,35.3,24.3,31.3,77.8,11.7,30.9,42.6,20.3,16.1,8.0,3.3,4.3,24.5,3.6,4.0,Home
Toronto Raptors,1999-00,41.0,26.0,15.0,0.634,48.0,96.9,36.4,83.9,43.4,5.2,14.4,36.1,18.9,24.2,77.9,13.7,28.9,42.6,24.9,13.4,8.2,8.9,6.3,23.0,1.9,1.2,Home
Cleveland Cavaliers,1999-00,41.0,22.0,19.0,0.537,48.6,100.8,37.0,83.0,44.6,4.9,11.8,41.3,22.0,28.6,76.8,13.0,31.8,44.7,26.4,17.4,9.1,5.5,5.9,27.0,3.4,1.9,Home
Los Angeles Clippers,1999-00,41.0,10.0,31.0,0.244,48.1,93.4,35.4,82.0,43.2,4.8,15.0,32.1,17.8,23.6,75.2,11.8,28.8,40.5,17.3,16.3,7.8,5.8,4.0,22.7,2.0,-8.9,Home
Milwaukee Bucks,1999-00,41.0,23.0,18.0,0.561,48.4,101.5,39.1,82.9,47.2,4.6,12.9,36.1,18.6,23.3,79.8,12.0,29.5,41.5,23.7,14.6,8.2,4.0,3.4,23.8,2.2,4.2,Home
Portland Trail Blazers,1999-00,41.0,30.0,11.0,0.732,48.1,97.9,37.2,77.5,48.0,4.6,13.6,33.9,18.9,24.7,76.4,11.9,31.1,43.0,24.1,15.7,7.4,4.2,3.5,22.1,1.9,7.4,Home
Chicago Bulls,1999-00,41.0,12.0,29.0,0.293,48.5,85.1,31.0,76.2,40.7,4.5,13.4,33.9,18.5,26.6,69.6,13.4,29.9,43.4,22.4,18.7,8.0,5.4,5.2,23.2,2.5,-5.5,Home
Utah Jazz,1999-00,41.0,31.0,10.0,0.756,48.2,99.4,37.3,77.7,48.0,4.4,11.2,39.4,20.4,26.3,77.5,11.2,29.8,41.0,26.5,14.6,7.3,6.4,5.1,24.5,2.9,7.1,Home
San Antonio Spurs,1999-00,41.0,31.0,10.0,0.756,48.5,98.3,36.6,77.9,46.9,4.4,10.9,40.2,20.8,27.7,75.2,11.7,33.2,44.9,22.4,14.6,7.4,7.5,5.4,20.7,2.0,9.1,Home
Charlotte Hornets,1999-00,41.0,30.0,11.0,0.732,48.2,100.6,36.4,78.4,46.4,4.3,12.2,35.1,23.5,30.5,76.9,10.3,32.5,42.8,27.3,15.3,9.4,6.4,4.2,20.0,2.2,6.8,Home
New York Knicks,1999-00,41.0,33.0,8.0,0.805,48.4,93.7,35.3,76.6,46.1,4.2,11.1,38.3,18.8,23.4,80.3,9.1,31.2,40.3,20.3,14.2,6.7,4.4,2.9,24.1,2.5,5.2,Home
Vancouver Grizzlies,1999-00,41.0,12.0,29.0,0.293,48.6,93.6,35.8,79.5,45.0,4.2,11.5,36.4,17.8,23.0,77.4,12.5,30.0,42.5,21.7,16.8,7.7,4.9,5.8,22.4,1.9,-3.8,Home
Golden State Warriors,1999-00,41.0,12.0,29.0,0.293,48.1,97.3,37.2,86.7,42.9,4.1,13.2,30.9,18.9,27.4,68.8,16.2,31.0,47.2,24.7,15.4,8.7,4.2,5.0,24.3,1.7,-5.0,Home
Washington Wizards,1999-00,41.0,17.0,24.0,0.415,48.4,98.7,37.3,80.7,46.3,4.1,10.5,39.1,20.0,26.4,75.8,12.0,29.9,41.9,22.0,16.0,7.4,4.9,5.6,26.1,2.7,-1.3,Home
Los Angeles Lakers,1999-00,41.0,36.0,5.0,0.878,48.1,102.3,38.5,84.1,45.8,4.0,13.0,30.4,21.4,30.7,69.7,14.6,34.8,49.4,24.1,14.1,8.1,7.4,4.0,22.6,2.2,11.5,Home
Orlando Magic,1999-00,41.0,26.0,15.0,0.634,48.1,103.6,40.1,86.3,46.4,3.9,11.0,35.1,19.6,26.8,73.2,14.5,31.0,45.5,21.7,16.1,9.3,5.4,5.5,23.5,2.8,6.7,Home
Atlanta Hawks,1999-00,41.0,21.0,20.0,0.512,48.4,97.5,37.6,82.2,45.7,3.2,9.9,32.5,19.2,25.4,75.5,14.3,32.2,46.5,19.2,15.9,5.9,5.5,4.0,21.0,1.4,-1.9,Home
Minnesota Timberwolves,1999-00,41.0,26.0,15.0,0.634,48.6,99.1,39.9,84.8,47.0,3.2,9.2,34.5,16.2,20.9,77.5,12.5,30.6,43.2,28.6,13.6,7.2,5.9,4.2,22.5,2.1,4.6,Home
Philadelphia 76ers,1999-00,41.0,29.0,12.0,0.707,48.5,97.4,37.4,83.3,44.9,2.8,8.3,33.4,19.8,27.6,71.8,14.2,31.2,45.4,23.1,15.7,10.2,4.6,5.2,23.3,2.2,5.0,Home
Boston Celtics,2000-01,41.0,20.0,21.0,0.488,48.4,94.3,33.9,79.8,42.4,6.9,18.9,36.3,19.7,26.4,74.5,11.5,30.4,41.9,20.8,16.0,9.5,3.9,4.7,23.8,0.0,-0.8,Home
Denver Nuggets,2000-01,41.0,29.0,12.0,0.707,48.2,98.7,37.2,84.0,44.4,6.7,18.2,36.6,17.5,23.8,73.7,12.5,32.6,45.0,26.9,13.7,6.6,8.4,6.5,22.5,0.1,3.5,Home
Milwaukee Bucks,2000-01,41.0,31.0,10.0,0.756,48.2,100.9,38.4,81.8,47.0,6.6,17.8,37.2,17.4,22.3,78.0,11.7,30.6,42.3,24.6,13.5,8.4,4.7,3.0,22.0,0.1,6.4,Home
Dallas Mavericks,2000-01,41.0,28.0,13.0,0.683,48.2,102.9,38.3,83.5,45.9,6.4,16.7,38.3,19.9,25.4,78.0,11.4,32.2,43.7,22.0,13.5,7.2,6.6,4.4,24.0,0.1,5.6,Home
Orlando Magic,2000-01,41.0,26.0,15.0,0.634,48.5,99.6,37.0,83.5,44.3,6.3,17.0,37.3,19.2,27.0,71.4,12.9,30.5,43.4,21.8,15.5,8.6,6.1,5.2,24.6,0.1,3.9,Home
Sacramento Kings,2000-01,41.0,33.0,8.0,0.805,48.9,104.3,39.1,85.8,45.6,5.8,16.8,34.4,20.3,26.3,77.1,12.4,33.7,46.0,23.4,14.8,10.0,5.5,5.6,19.8,0.0,9.4,Home
Seattle SuperSonics,2000-01,41.0,26.0,15.0,0.634,48.1,98.2,37.3,79.9,46.7,5.7,13.8,41.4,17.8,23.9,74.6,11.1,29.6,40.7,23.3,15.0,8.5,5.5,5.6,21.3,0.1,4.3,Home
Los Angeles Lakers,2000-01,41.0,31.0,10.0,0.756,48.4,102.7,39.1,83.8,46.7,5.6,16.1,34.9,18.9,27.5,68.7,14.1,32.2,46.3,23.1,13.9,6.4,6.0,3.9,23.0,0.1,5.8,Home
Toronto Raptors,2000-01,41.0,27.0,14.0,0.659,48.9,98.5,37.4,85.5,43.7,5.6,15.4,36.5,18.1,24.1,75.1,13.9,31.7,45.6,25.2,13.3,7.5,8.5,6.0,20.5,0.0,4.9,Home
Houston Rockets,2000-01,41.0,24.0,17.0,0.585,48.5,96.8,36.1,80.0,45.2,5.5,16.5,33.3,19.0,24.8,76.7,12.0,31.7,43.6,19.5,15.2,7.1,4.4,4.3,19.7,0.0,3.8,Home
Miami Heat,2000-01,41.0,29.0,12.0,0.707,48.4,90.5,33.7,76.5,44.0,5.5,16.3,33.7,17.7,22.8,77.4,9.8,29.3,39.0,19.5,12.9,8.2,3.9,4.4,20.8,0.0,4.4,Home
San Antonio Spurs,2000-01,41.0,33.0,8.0,0.805,48.4,98.0,35.6,76.7,46.4,5.4,13.5,40.4,21.3,29.1,73.3,10.8,34.0,44.7,22.4,13.7,7.2,8.4,5.3,19.0,0.0,11.3,Home
Indiana Pacers,2000-01,41.0,26.0,15.0,0.634,48.6,94.2,34.9,78.5,44.5,5.2,13.9,37.9,19.2,24.9,77.0,11.6,31.9,43.5,23.3,14.2,7.2,6.9,4.4,22.9,0.1,3.2,Home
Detroit Pistons,2000-01,41.0,18.0,23.0,0.439,48.5,95.0,35.1,82.4,42.6,5.0,13.5,36.7,19.9,27.8,71.6,13.4,32.6,46.0,19.0,16.3,7.6,6.0,4.3,23.7,0.0,0.2,Home
New York Knicks,2000-01,41.0,30.0,11.0,0.732,48.6,91.3,35.0,75.9,46.0,4.9,13.5,36.5,16.5,20.4,80.8,9.9,31.3,41.2,19.0,14.3,6.6,4.3,3.2,21.4,0.0,7.3,Home
Atlanta Hawks,2000-01,41.0,18.0,23.0,0.439,48.2,95.0,36.5,81.5,44.7,4.7,12.3,37.9,17.4,23.1,75.2,13.0,29.5,42.5,18.9,15.5,7.8,4.1,5.0,23.1,0.1,-1.9,Home
New Jersey Nets,2000-01,41.0,18.0,23.0,0.439,48.2,94.5,34.7,80.4,43.2,4.6,12.7,36.3,20.5,26.7,76.9,11.6,28.6,40.2,21.0,14.6,8.1,5.7,6.3,24.5,0.0,-2.7,Home
Los Angeles Clippers,2000-01,41.0,22.0,19.0,0.537,49.0,93.6,35.8,79.1,45.3,4.5,12.8,35.2,17.4,25.0,69.7,12.0,31.0,43.0,19.5,16.0,6.0,6.7,5.0,20.8,0.0,0.7,Home
Portland Trail Blazers,2000-01,41.0,28.0,13.0,0.683,48.0,97.4,37.7,78.4,48.0,4.5,12.7,35.1,17.6,22.9,77.2,11.4,29.9,41.2,25.1,15.0,8.8,4.7,2.8,21.0,0.1,7.7,Home
Utah Jazz,2000-01,41.0,28.0,13.0,0.683,48.4,99.2,36.5,76.3,47.9,4.3,11.0,39.6,21.8,29.5,73.8,11.7,30.4,42.0,26.0,16.0,8.2,6.7,5.5,26.0,0.1,7.5,Home
Phoenix Suns,2000-01,41.0,31.0,10.0,0.756,48.0,95.4,36.8,82.9,44.3,3.9,12.6,31.3,18.0,23.8,75.6,12.5,30.6,43.1,24.9,15.3,9.8,5.3,4.6,22.6,0.0,4.9,Home
Chicago Bulls,2000-01,41.0,10.0,31.0,0.244,48.2,87.0,32.7,77.2,42.4,3.9,11.4,33.8,17.7,24.3,73.1,11.1,28.4,39.4,24.1,15.5,7.9,4.9,4.9,23.4,0.0,-6.5,Home
Golden State Warriors,2000-01,41.0,11.0,30.0,0.268,48.5,95.1,36.9,88.3,41.7,3.9,12.5,30.9,17.5,25.4,69.1,17.3,29.9,47.2,23.0,16.2,9.2,5.0,5.4,21.7,0.1,-5.3,Home
Charlotte Hornets,2000-01,41.0,28.0,13.0,0.683,48.6,92.8,35.0,79.9,43.8,3.8,11.7,32.4,19.1,25.6,74.8,12.6,31.7,44.3,25.8,14.1,8.5,5.9,3.6,21.7,0.1,3.0,Home
Vancouver Grizzlies,2000-01,41.0,15.0,26.0,0.366,48.4,92.4,35.6,79.5,44.8,3.7,11.6,32.2,17.4,22.9,76.2,10.5,30.9,41.4,24.0,15.0,6.5,4.9,5.6,20.8,0.1,-2.3,Home
Minnesota Timberwolves,2000-01,41.0,30.0,11.0,0.732,48.4,97.8,38.6,82.9,46.6,3.5,11.0,32.1,17.1,22.3,76.7,11.0,32.4,43.4,27.0,13.3,8.0,6.0,3.7,22.4,0.0,5.9,Home
Washington Wizards,2000-01,41.0,12.0,29.0,0.293,48.0,95.5,35.0,78.8,44.4,3.4,10.7,32.0,22.1,28.5,77.6,12.5,30.0,42.6,20.2,16.8,7.8,5.5,5.9,22.9,0.2,-3.9,Home
Philadelphia 76ers,2000-01,41.0,29.0,12.0,0.707,48.5,97.1,36.0,79.6,45.3,3.2,9.8,33.2,21.8,28.7,75.7,13.8,31.0,44.8,21.6,15.3,8.8,4.7,4.5,20.0,0.0,5.2,Home
Cleveland Cavaliers,2000-01,41.0,20.0,21.0,0.488,48.6,93.0,35.1,79.2,44.3,2.7,7.9,33.6,20.2,25.5,79.3,12.6,31.4,43.9,22.5,16.9,7.6,6.3,6.2,23.1,0.1,-1.0,Home
Boston Celtics,2001-02,41.0,27.0,14.0,0.659,48.2,97.0,35.6,82.0,43.4,8.1,23.0,35.1,17.7,23.7,74.6,11.2,32.2,43.4,22.4,14.1,10.2,3.7,5.0,20.7,0.0,4.3,Home
Orlando Magic,2001-02,41.0,27.0,14.0,0.659,48.6,101.8,38.5,84.9,45.4,7.9,21.7,36.5,16.9,22.8,74.1,11.9,30.4,42.3,21.9,14.7,8.8,5.1,3.9,20.4,0.1,6.4,Home
Dallas Mavericks,2001-02,41.0,30.0,11.0,0.732,48.1,104.4,38.5,84.5,45.5,7.3,19.6,37.5,20.1,25.1,79.8,12.4,32.0,44.4,22.0,11.8,7.0,5.2,4.5,22.0,0.1,6.1,Home
Milwaukee Bucks,2001-02,41.0,25.0,16.0,0.61,48.9,99.0,37.9,81.2,46.6,7.1,18.8,37.8,16.1,21.6,74.6,11.1,32.3,43.5,24.5,14.1,7.4,4.7,4.3,21.6,0.1,3.9,Home
Detroit Pistons,2001-02,41.0,26.0,15.0,0.634,48.0,95.2,35.0,77.2,45.3,7.0,18.8,37.4,18.2,24.1,75.5,10.0,29.7,39.7,21.6,14.7,7.7,7.4,3.7,19.7,0.1,3.9,Home
Houston Rockets,2001-02,41.0,18.0,23.0,0.439,48.7,93.1,34.9,81.9,42.6,5.9,18.5,32.1,17.4,23.3,74.7,13.0,30.4,43.4,18.0,13.7,7.0,5.8,4.5,17.7,0.1,-0.7,Home
Portland Trail Blazers,2001-02,41.0,30.0,11.0,0.732,48.5,100.0,37.9,81.8,46.3,5.9,15.3,38.5,18.4,23.7,77.7,13.4,30.4,43.8,25.9,14.2,8.1,4.3,4.5,19.4,0.1,7.4,Home
Los Angeles Lakers,2001-02,41.0,34.0,7.0,0.829,48.0,102.2,39.0,83.2,46.8,5.8,17.6,33.1,18.5,26.3,70.2,12.3,32.9,45.2,23.8,12.8,8.0,6.4,4.2,22.0,0.1,11.2,Home
Atlanta Hawks,2001-02,41.0,23.0,18.0,0.561,48.2,99.7,37.9,82.3,46.1,5.8,15.2,38.1,18.0,23.6,76.4,11.7,30.4,42.1,20.8,15.1,8.2,4.0,5.1,20.9,0.1,1.3,Home
Seattle SuperSonics,2001-02,41.0,26.0,15.0,0.634,48.2,97.6,38.1,80.9,47.1,5.7,15.2,37.4,15.8,20.9,75.5,12.0,28.8,40.8,24.2,13.7,8.3,4.9,4.9,21.4,0.1,5.7,Home
Sacramento Kings,2001-02,41.0,36.0,5.0,0.878,48.1,107.3,40.8,86.5,47.1,5.6,14.7,38.1,20.1,27.5,73.3,13.4,33.4,46.8,24.6,13.0,9.2,4.5,4.3,18.9,0.1,14.2,Home
San Antonio Spurs,2001-02,41.0,32.0,9.0,0.78,48.4,98.1,35.8,77.5,46.2,5.6,15.7,35.6,20.9,27.8,74.9,11.3,30.5,41.8,19.7,14.6,8.5,7.1,5.1,19.1,0.1,8.3,Home
Denver Nuggets,2001-02,41.0,20.0,21.0,0.488,48.5,94.2,36.3,84.0,43.2,5.5,16.5,33.5,16.0,21.1,76.0,13.3,29.6,42.9,24.3,14.4,7.4,6.6,6.6,22.5,0.1,-1.0,Home
New York Knicks,2001-02,41.0,19.0,22.0,0.463,48.4,91.0,34.2,79.0,43.2,5.4,15.8,34.5,17.2,21.8,78.7,10.9,30.9,41.8,21.1,14.7,6.7,3.4,3.5,21.9,0.2,-2.0,Home
Los Angeles Clippers,2001-02,41.0,25.0,16.0,0.61,48.2,97.1,36.8,80.4,45.8,5.3,14.2,37.3,18.2,24.1,75.3,13.0,30.1,43.0,22.5,15.1,6.0,7.4,5.1,19.8,0.1,4.1,Home
New Jersey Nets,2001-02,41.0,33.0,8.0,0.805,48.4,100.9,39.0,84.4,46.2,5.2,15.0,34.9,17.8,23.9,74.5,13.6,31.0,44.6,25.6,14.5,9.1,7.0,5.3,20.9,0.0,9.8,Home
Indiana Pacers,2001-02,41.0,25.0,16.0,0.61,48.7,98.6,36.5,80.5,45.4,5.0,14.3,35.2,20.5,26.2,78.2,11.1,31.8,42.9,24.3,14.6,7.9,6.0,5.6,23.1,0.1,2.6,Home
Toronto Raptors,2001-02,41.0,24.0,17.0,0.585,48.4,92.9,36.4,82.8,44.0,5.0,13.8,35.9,15.0,19.8,75.9,13.6,29.9,43.4,22.7,14.9,8.6,6.2,4.6,21.3,0.1,3.0,Home
Minnesota Timberwolves,2001-02,41.0,29.0,12.0,0.707,48.0,102.0,39.6,82.6,48.0,4.9,12.7,38.4,17.8,22.3,79.9,12.0,31.2,43.3,27.0,12.5,6.1,5.3,4.8,21.1,0.1,7.8,Home
Cleveland Cavaliers,2001-02,41.0,20.0,21.0,0.488,48.4,97.4,36.5,80.8,45.2,4.7,12.2,38.5,19.7,25.1,78.6,12.5,30.3,42.8,25.3,14.4,6.6,6.6,5.4,20.8,0.2,0.3,Home
Memphis Grizzlies,2001-02,41.0,15.0,26.0,0.366,48.1,91.3,35.4,79.4,44.6,4.5,13.9,32.2,16.0,22.9,70.0,12.0,30.5,42.4,22.8,15.7,7.6,6.2,5.4,19.0,0.1,-4.6,Home
Phoenix Suns,2001-02,41.0,23.0,18.0,0.561,48.2,97.3,38.6,84.8,45.5,4.4,13.5,32.7,15.7,20.1,78.0,13.0,30.6,43.6,23.9,13.9,8.0,5.0,5.4,21.0,0.1,4.2,Home
Charlotte Hornets,2001-02,41.0,21.0,20.0,0.512,48.2,97.1,36.3,79.9,45.5,4.2,11.9,35.3,20.3,27.1,74.8,12.7,30.8,43.5,23.1,14.0,8.3,6.1,4.5,21.0,0.2,1.8,Home
Chicago Bulls,2001-02,41.0,14.0,27.0,0.341,48.2,90.0,34.0,79.8,42.6,4.1,11.2,36.8,17.8,24.3,73.3,11.8,29.6,41.4,23.8,14.8,8.0,4.4,4.6,22.7,0.2,-5.4,Home
Golden State Warriors,2001-02,41.0,14.0,27.0,0.341,48.2,97.6,36.4,85.0,42.9,4.1,12.4,32.7,20.6,28.9,71.4,17.1,31.7,48.8,21.3,16.7,8.0,7.1,5.7,23.2,0.3,-2.3,Home
Miami Heat,2001-02,41.0,18.0,23.0,0.439,48.5,87.6,34.5,77.3,44.6,3.8,11.1,34.4,14.8,20.9,70.9,11.0,31.1,42.1,19.4,15.0,6.3,5.5,3.8,22.1,0.2,-0.9,Home
Utah Jazz,2001-02,41.0,25.0,16.0,0.61,48.6,98.7,35.9,77.7,46.1,3.6,10.8,33.1,23.4,30.5,76.9,13.0,29.8,42.8,25.1,16.5,9.1,7.6,6.8,23.9,0.1,4.0,Home
Washington Wizards,2001-02,41.0,22.0,19.0,0.537,48.2,96.0,37.2,82.2,45.3,3.4,9.3,36.3,18.2,23.4,77.5,13.7,29.7,43.3,21.9,12.5,6.8,4.7,5.0,21.3,0.0,2.4,Home
Philadelphia 76ers,2001-02,41.0,22.0,19.0,0.537,48.2,93.1,34.4,78.4,43.8,2.5,9.2,26.6,21.9,28.0,78.2,13.2,31.4,44.6,21.2,14.6,8.3,4.3,4.6,20.6,0.2,2.7,Home
Boston Celtics,2002-03,41.0,25.0,16.0,0.61,48.7,93.4,33.8,80.0,42.3,9.3,26.5,35.0,16.4,22.9,71.9,10.8,31.3,42.1,21.0,14.6,9.3,3.8,4.2,20.2,0.1,3.1,Home
Milwaukee Bucks,2002-03,41.0,25.0,16.0,0.61,48.6,102.1,38.1,80.5,47.4,7.7,18.9,41.0,18.1,23.5,77.1,10.6,28.6,39.2,23.5,13.0,7.6,4.4,3.4,22.1,0.1,4.1,Home
New York Knicks,2002-03,41.0,24.0,17.0,0.585,48.5,96.9,36.6,82.1,44.6,7.5,18.9,39.8,16.2,20.0,80.8,10.8,29.2,40.0,21.6,14.4,7.1,2.6,3.2,22.7,0.1,0.8,Home
Dallas Mavericks,2002-03,41.0,33.0,8.0,0.805,48.2,103.7,38.7,85.0,45.5,7.0,18.9,37.3,19.3,23.5,82.2,11.9,32.2,44.1,22.8,11.5,8.7,5.5,3.9,21.3,0.1,11.5,Home
Sacramento Kings,2002-03,41.0,35.0,6.0,0.854,48.4,103.8,40.2,84.7,47.4,6.8,16.2,42.2,16.6,22.4,74.2,11.1,34.3,45.4,24.5,14.9,9.0,6.3,4.0,19.5,0.0,11.6,Home
Detroit Pistons,2002-03,41.0,30.0,11.0,0.732,48.4,92.7,33.2,74.7,44.5,6.8,18.5,36.8,19.4,25.6,75.6,10.1,29.9,40.0,20.2,13.9,6.9,6.6,3.9,20.8,0.1,7.2,Home
Memphis Grizzlies,2002-03,41.0,20.0,21.0,0.488,48.9,101.6,38.2,81.9,46.7,6.8,16.8,40.3,18.4,24.9,73.8,11.5,31.1,42.6,24.9,15.7,8.2,6.6,4.8,21.0,0.0,1.4,Home
Orlando Magic,2002-03,41.0,26.0,15.0,0.634,48.2,102.0,37.1,83.1,44.6,6.7,19.4,34.3,21.1,27.1,77.9,11.8,29.5,41.3,20.3,13.5,8.6,3.7,4.9,23.4,0.1,4.0,Home
Los Angeles Lakers,2002-03,41.0,31.0,10.0,0.756,48.6,103.1,39.1,84.5,46.3,6.2,16.4,38.0,18.7,25.9,72.2,13.6,31.9,45.5,25.8,15.0,8.1,6.1,3.3,23.2,0.0,7.1,Home
Seattle SuperSonics,2002-03,41.0,25.0,16.0,0.61,48.5,91.9,35.2,80.0,44.0,5.6,15.3,36.7,16.0,21.2,75.2,11.1,29.7,40.8,22.0,13.3,8.8,3.8,4.8,20.6,0.1,3.8,Home
Houston Rockets,2002-03,41.0,28.0,13.0,0.683,48.4,95.1,35.4,79.2,44.7,5.6,15.9,35.0,18.8,23.9,78.7,12.2,31.4,43.7,19.7,14.6,7.4,6.4,4.0,19.4,0.1,5.0,Home
San Antonio Spurs,2002-03,41.0,33.0,8.0,0.805,48.4,96.7,35.9,77.3,46.4,5.5,16.5,33.5,19.4,27.1,71.6,11.9,31.6,43.5,19.9,15.2,8.0,7.1,4.7,19.8,0.1,8.2,Home
Golden State Warriors,2002-03,41.0,24.0,17.0,0.585,48.0,105.2,38.1,84.8,45.0,5.4,15.2,35.6,23.6,30.3,77.8,17.3,31.4,48.7,22.2,15.6,6.7,7.1,5.4,21.4,0.0,3.2,Home
New Orleans Hornets,2002-03,41.0,29.0,12.0,0.707,48.6,97.3,37.0,81.6,45.3,5.2,13.7,37.9,18.2,23.5,77.6,13.3,31.2,44.6,25.0,15.0,8.7,5.2,4.4,21.3,0.1,5.9,Home
Toronto Raptors,2002-03,41.0,15.0,26.0,0.366,48.4,92.4,35.5,81.6,43.5,5.2,14.5,35.7,16.2,22.4,72.5,12.4,28.9,41.3,19.9,13.8,7.7,4.5,4.5,21.9,0.0,-3.4,Home
Phoenix Suns,2002-03,41.0,30.0,11.0,0.732,48.4,97.3,36.9,82.1,45.0,5.1,14.0,36.6,18.3,23.6,77.5,12.5,30.4,42.9,22.1,14.2,8.0,5.4,5.3,21.2,0.1,5.8,Home
Atlanta Hawks,2002-03,41.0,26.0,15.0,0.634,48.5,97.0,35.6,77.8,45.7,5.0,14.0,35.8,20.8,26.1,79.7,11.1,31.6,42.7,21.7,16.1,7.5,5.4,3.8,22.1,0.1,1.1,Home
Los Angeles Clippers,2002-03,41.0,16.0,25.0,0.39,48.1,93.2,34.2,78.3,43.7,5.0,14.6,34.1,19.9,26.6,74.7,11.6,30.4,42.0,20.1,14.9,6.5,6.3,4.4,21.5,0.0,-2.7,Home
Indiana Pacers,2002-03,41.0,32.0,9.0,0.78,48.2,98.4,36.5,80.9,45.1,4.7,12.9,36.3,20.8,27.0,77.0,12.5,34.1,46.6,25.8,14.3,8.6,6.4,6.4,21.4,0.1,9.2,Home
Portland Trail Blazers,2002-03,41.0,27.0,14.0,0.659,48.1,97.1,37.6,78.9,47.6,4.6,13.8,33.3,17.4,23.7,73.4,12.0,28.8,40.8,24.3,14.9,8.7,3.8,3.8,19.5,0.1,4.4,Home
Chicago Bulls,2002-03,41.0,27.0,14.0,0.659,48.2,97.0,37.2,81.1,45.8,4.5,11.8,37.8,18.2,25.0,72.8,12.0,32.3,44.3,23.3,16.1,7.3,5.8,4.5,24.2,0.1,0.8,Home
Miami Heat,2002-03,41.0,16.0,25.0,0.39,48.4,88.3,34.3,80.1,42.8,4.4,14.0,31.5,15.4,20.0,77.0,11.0,29.8,40.8,18.3,13.3,7.5,4.1,5.0,22.1,0.1,-1.4,Home
Minnesota Timberwolves,2002-03,41.0,33.0,8.0,0.805,48.4,100.6,40.5,84.7,47.8,4.3,10.4,41.2,15.4,20.8,74.0,11.6,32.7,44.3,27.4,13.2,6.2,5.5,4.5,20.4,0.0,6.3,Home
New Jersey Nets,2002-03,41.0,33.0,8.0,0.805,48.1,97.7,36.7,80.3,45.7,4.3,12.2,35.0,20.1,26.6,75.7,11.5,32.1,43.6,24.2,15.6,9.2,5.0,5.8,21.2,0.0,10.1,Home
Cleveland Cavaliers,2002-03,41.0,14.0,27.0,0.341,48.6,94.9,36.3,84.9,42.7,3.9,11.3,34.6,18.4,24.4,75.6,14.7,31.7,46.4,22.2,17.1,7.4,7.6,6.1,22.4,0.0,-4.6,Home
Philadelphia 76ers,2002-03,41.0,25.0,16.0,0.61,48.6,98.4,36.3,81.0,44.8,3.0,9.5,32.2,22.8,29.2,78.0,13.0,30.5,43.4,23.7,14.7,10.6,3.5,5.3,22.3,0.1,3.0,Home
Washington Wizards,2002-03,41.0,23.0,18.0,0.561,48.6,95.0,35.5,77.4,45.8,3.0,10.4,29.3,21.0,26.6,79.1,10.9,29.9,40.8,20.2,13.8,7.8,5.0,3.7,19.6,0.0,3.0,Home
Utah Jazz,2002-03,41.0,29.0,12.0,0.707,48.4,96.3,36.0,76.1,47.3,3.0,8.3,36.1,21.3,28.9,73.6,13.3,30.3,43.6,25.9,16.0,8.9,7.1,4.9,22.1,0.0,8.8,Home
Denver Nuggets,2002-03,41.0,13.0,28.0,0.317,48.1,84.3,32.1,80.4,40.0,2.8,10.1,28.0,17.2,24.6,69.9,14.0,30.0,44.0,22.5,17.7,8.4,6.4,6.7,25.2,0.1,-4.7,Home
Seattle SuperSonics,2003-04,41.0,21.0,20.0,0.512,48.2,97.8,36.3,81.1,44.7,9.0,23.8,37.7,16.2,21.5,75.6,11.5,27.9,39.4,22.0,13.9,7.9,5.5,4.4,20.7,0.0,1.7,Home
Sacramento Kings,2003-04,41.0,34.0,7.0,0.829,48.2,105.7,38.6,81.5,47.3,7.8,18.9,41.3,20.8,25.9,80.2,11.1,31.0,42.1,26.3,14.4,8.3,4.0,5.3,19.4,0.0,10.4,Home
Boston Celtics,2003-04,41.0,19.0,22.0,0.463,48.0,96.0,35.0,78.9,44.4,7.0,19.9,35.3,18.9,24.9,75.9,11.0,30.9,41.9,20.7,16.4,8.8,5.1,5.1,22.4,0.0,0.1,Home
Dallas Mavericks,2003-04,41.0,36.0,5.0,0.878,48.2,109.5,42.3,88.0,48.0,6.7,18.2,36.8,18.2,22.8,80.1,14.5,32.2,46.7,24.8,11.7,7.7,5.3,4.1,19.3,0.1,11.1,Home
New Orleans Hornets,2003-04,41.0,25.0,16.0,0.61,48.5,93.7,34.2,79.7,42.9,6.4,19.0,33.5,18.9,25.4,74.2,12.5,30.1,42.6,23.0,14.3,9.2,4.5,5.0,20.3,0.1,3.4,Home
Houston Rockets,2003-04,41.0,27.0,14.0,0.659,48.7,90.9,34.5,76.5,45.1,6.1,17.0,36.2,15.8,21.0,75.2,10.9,32.8,43.6,20.5,16.8,7.1,5.2,4.5,20.7,0.0,4.5,Home
Miami Heat,2003-04,41.0,29.0,12.0,0.707,48.4,93.1,34.2,78.3,43.6,5.9,16.6,35.7,18.8,24.5,76.7,11.2,30.8,42.0,18.7,13.5,7.6,4.2,5.0,20.9,0.0,5.1,Home
Phoenix Suns,2003-04,41.0,18.0,23.0,0.439,48.1,95.8,36.2,80.3,45.1,5.6,14.8,38.1,17.6,23.7,74.5,10.5,30.3,40.8,18.5,15.0,8.9,4.7,4.8,22.4,0.0,-0.7,Home
Toronto Raptors,2003-04,41.0,18.0,23.0,0.439,48.6,87.4,33.6,78.7,42.7,5.5,16.3,33.9,14.6,19.6,74.6,10.7,29.4,40.0,19.8,13.8,7.8,4.9,3.7,20.9,0.0,-0.7,Home
Milwaukee Bucks,2003-04,41.0,27.0,14.0,0.659,48.4,101.1,37.0,80.7,45.8,5.5,14.5,37.8,21.7,28.4,76.4,12.1,30.7,42.8,24.6,13.2,6.2,4.8,4.3,20.1,0.0,4.2,Home
Washington Wizards,2003-04,41.0,17.0,24.0,0.415,48.4,93.7,34.5,80.8,42.7,5.5,15.4,35.7,19.2,26.3,73.1,13.8,29.9,43.7,19.5,17.2,9.0,5.1,5.1,20.4,0.0,-2.4,Home
Indiana Pacers,2003-04,41.0,34.0,7.0,0.829,48.1,91.3,33.2,77.7,42.7,5.4,15.4,35.1,19.4,25.1,77.5,12.4,30.6,43.0,23.4,13.7,9.5,5.4,6.8,19.9,0.0,9.0,Home
Memphis Grizzlies,2003-04,41.0,31.0,10.0,0.756,48.1,98.2,36.4,81.1,44.8,5.3,15.4,34.7,20.2,27.9,72.3,13.8,30.4,44.1,24.4,14.7,10.2,7.2,5.7,22.6,0.0,7.0,Home
San Antonio Spurs,2003-04,41.0,33.0,8.0,0.805,48.4,94.3,35.7,78.1,45.7,5.3,14.3,37.0,17.7,25.9,68.3,12.4,32.8,45.2,21.0,14.3,8.5,6.7,4.0,20.2,0.0,11.3,Home
Chicago Bulls,2003-04,41.0,14.0,27.0,0.341,48.4,88.9,33.6,83.0,40.4,5.2,15.1,34.5,16.6,22.9,72.2,13.7,31.9,45.7,22.8,15.7,8.2,4.7,5.3,23.9,0.0,-4.8,Home
Atlanta Hawks,2003-04,41.0,18.0,23.0,0.439,48.6,96.2,35.1,79.6,44.0,5.2,15.0,34.4,20.9,26.5,78.6,12.7,31.7,44.4,20.3,15.7,7.6,4.6,4.4,22.7,0.0,0.7,Home
Orlando Magic,2003-04,41.0,11.0,30.0,0.268,48.5,94.6,35.7,82.9,43.0,5.1,14.8,34.6,18.1,24.4,74.2,12.7,28.2,41.0,18.4,13.6,6.7,4.0,5.1,21.0,0.0,-5.4,Home
Golden State Warriors,2003-04,41.0,27.0,14.0,0.659,48.6,96.8,36.1,80.4,45.0,5.0,15.2,33.0,19.5,26.9,72.7,13.9,32.4,46.3,21.1,14.7,6.8,4.8,4.7,21.2,0.0,5.1,Home
New York Knicks,2003-04,41.0,23.0,18.0,0.561,48.5,93.5,35.9,80.4,44.6,5.0,13.8,36.3,16.7,21.3,78.6,12.5,32.3,44.8,20.1,15.6,7.0,5.0,3.7,23.4,0.1,0.5,Home
New Jersey Nets,2003-04,41.0,28.0,13.0,0.683,48.0,92.5,35.0,77.4,45.3,4.6,13.3,34.9,17.8,23.4,76.3,11.0,30.9,41.9,25.7,15.8,8.9,4.5,4.8,20.9,0.0,6.9,Home
Detroit Pistons,2003-04,41.0,31.0,10.0,0.756,48.0,91.5,34.3,77.5,44.3,4.6,12.3,37.0,18.3,25.2,72.6,12.9,31.0,43.9,22.6,15.1,7.7,8.1,4.7,19.9,0.1,8.2,Home
Portland Trail Blazers,2003-04,41.0,25.0,16.0,0.61,48.9,93.0,36.2,79.5,45.5,4.5,13.1,34.1,16.2,22.1,73.2,12.7,29.0,41.7,23.7,14.0,8.0,5.0,4.5,18.8,0.0,1.8,Home
Denver Nuggets,2003-04,41.0,29.0,12.0,0.707,48.2,100.5,37.6,83.5,45.0,4.2,12.2,34.5,21.1,27.8,75.9,13.2,30.7,43.9,25.5,15.3,9.7,7.2,5.7,21.3,0.1,6.8,Home
Los Angeles Lakers,2003-04,41.0,34.0,7.0,0.829,48.2,99.2,37.1,80.8,46.0,4.0,12.4,31.8,21.0,30.0,69.8,12.5,31.7,44.2,24.6,14.2,8.5,4.7,3.6,20.9,0.1,9.5,Home
Los Angeles Clippers,2003-04,41.0,18.0,23.0,0.439,48.4,96.1,35.0,80.9,43.2,3.9,12.0,32.7,22.2,28.6,77.8,14.0,29.2,43.2,21.0,15.9,7.5,4.4,5.2,21.9,0.0,-2.0,Home
Philadelphia 76ers,2003-04,41.0,21.0,20.0,0.512,48.4,88.4,33.6,76.9,43.6,3.9,12.2,32.1,17.4,23.6,73.9,12.0,30.3,42.3,20.5,15.6,8.1,4.1,4.7,20.7,0.0,0.9,Home
Minnesota Timberwolves,2003-04,41.0,31.0,10.0,0.756,48.1,95.6,37.4,79.7,47.0,3.9,10.7,36.0,16.9,21.8,77.5,10.6,33.3,43.9,25.6,12.1,6.6,5.9,3.1,20.7,0.1,8.1,Home
Cleveland Cavaliers,2003-04,41.0,23.0,18.0,0.561,48.5,95.5,36.4,84.0,43.3,3.2,9.8,32.8,19.5,25.3,77.1,14.3,31.9,46.2,23.5,13.6,6.9,7.0,5.4,20.6,0.0,0.9,Home
Utah Jazz,2003-04,41.0,28.0,13.0,0.683,48.2,90.0,33.1,74.8,44.2,3.1,9.4,33.0,20.7,27.3,75.8,13.3,28.5,41.8,20.1,16.5,7.3,7.4,6.2,24.2,0.1,3.1,Home
Phoenix Suns,2004-05,41.0,31.0,10.0,0.756,48.2,111.3,41.3,86.3,47.9,9.6,24.8,38.8,19.1,25.3,75.6,11.8,33.0,44.8,23.7,13.2,6.8,6.0,4.2,19.1,0.0,9.1,Home
Toronto Raptors,2004-05,41.0,22.0,19.0,0.537,48.5,101.5,36.3,80.6,45.0,8.9,21.3,41.6,20.1,26.0,77.3,10.0,30.1,40.0,21.3,12.8,7.3,3.6,3.9,22.3,0.0,0.7,Home
Seattle SuperSonics,2004-05,41.0,26.0,15.0,0.634,48.4,101.7,36.0,79.8,45.0,8.2,22.6,36.5,21.5,27.1,79.4,12.5,28.7,41.2,19.0,12.7,6.6,4.6,4.0,24.2,0.1,4.7,Home
Los Angeles Lakers,2004-05,41.0,22.0,19.0,0.537,48.2,100.4,35.5,79.6,44.6,7.7,21.7,35.6,21.6,27.6,78.3,12.5,31.5,44.0,21.5,14.4,6.3,4.5,4.7,21.0,0.0,1.2,Home
Golden State Warriors,2004-05,41.0,20.0,21.0,0.488,49.0,102.1,38.0,87.2,43.6,7.6,22.2,34.4,18.4,25.6,71.7,14.3,29.8,44.1,23.5,13.6,8.4,5.5,4.5,22.9,0.0,0.5,Home
Sacramento Kings,2004-05,41.0,30.0,11.0,0.732,48.1,106.9,40.5,85.4,47.4,6.8,17.5,38.9,19.0,24.3,78.3,12.9,30.6,43.5,25.5,13.0,8.2,4.0,4.1,19.4,0.0,6.7,Home
Indiana Pacers,2004-05,41.0,25.0,16.0,0.61,48.5,93.9,33.0,75.7,43.6,6.8,19.7,34.4,21.2,26.6,79.6,11.4,29.9,41.3,19.0,14.4,7.9,4.9,4.7,22.3,0.1,3.0,Home
Houston Rockets,2004-05,41.0,26.0,15.0,0.634,48.4,92.9,33.8,77.6,43.6,6.6,18.5,35.7,18.7,24.8,75.1,10.6,32.2,42.8,21.8,14.3,7.4,4.6,4.0,21.4,0.0,5.4,Home
San Antonio Spurs,2004-05,41.0,38.0,3.0,0.927,48.0,96.9,36.1,76.3,47.3,6.6,16.8,39.4,18.2,25.2,72.0,11.2,31.5,42.7,22.4,14.8,7.4,7.5,4.5,20.5,0.1,12.7,Home
Washington Wizards,2004-05,41.0,29.0,12.0,0.707,48.1,103.2,36.8,83.1,44.2,6.4,18.8,34.2,23.2,31.8,73.1,14.3,29.8,44.1,19.6,14.0,9.3,4.5,4.7,22.2,0.0,4.5,Home
Memphis Grizzlies,2004-05,41.0,26.0,15.0,0.634,48.1,93.6,34.5,77.0,44.9,6.3,18.5,34.1,18.2,24.9,73.3,11.5,28.3,39.9,20.5,14.1,8.3,6.6,5.4,22.1,0.0,4.4,Home
Philadelphia 76ers,2004-05,41.0,25.0,16.0,0.61,48.6,101.1,36.6,82.1,44.5,6.3,18.2,34.5,21.7,27.3,79.6,10.8,31.7,42.5,21.5,15.4,9.6,3.6,3.6,23.0,0.0,1.6,Home
Chicago Bulls,2004-05,41.0,27.0,14.0,0.659,48.6,95.4,35.1,80.8,43.4,6.3,17.8,35.2,19.0,25.9,73.3,12.8,32.5,45.3,23.1,16.5,6.9,4.9,5.5,24.7,0.1,4.2,Home
Dallas Mavericks,2004-05,41.0,29.0,12.0,0.707,48.2,104.4,37.8,82.7,45.7,5.7,15.9,35.8,23.1,29.1,79.4,13.3,31.2,44.5,19.6,13.6,8.8,7.0,5.4,22.1,0.0,7.3,Home
Boston Celtics,2004-05,41.0,27.0,14.0,0.659,48.2,100.7,37.2,79.3,46.9,5.6,15.1,36.8,20.8,27.4,75.9,11.5,30.6,42.1,22.7,15.8,8.1,5.0,4.6,23.2,0.0,3.7,Home
Miami Heat,2004-05,41.0,35.0,6.0,0.854,48.5,102.0,37.9,78.0,48.6,5.4,15.1,35.7,20.8,30.4,68.5,11.3,32.0,43.3,20.4,12.8,6.4,6.2,3.1,21.0,0.0,9.7,Home
New York Knicks,2004-05,41.0,22.0,19.0,0.537,48.4,98.8,36.6,79.3,46.1,5.4,14.3,37.4,20.2,25.6,79.1,11.5,28.9,40.4,20.4,14.5,8.0,3.0,3.9,23.1,0.1,1.2,Home
New Orleans Hornets,2004-05,41.0,11.0,30.0,0.268,48.5,90.3,34.3,80.3,42.8,5.2,16.8,31.2,16.4,21.5,76.2,12.4,27.8,40.2,22.8,14.7,6.4,4.0,4.6,22.8,0.0,-5.5,Home
New Jersey Nets,2004-05,41.0,24.0,17.0,0.585,48.4,91.8,34.1,78.8,43.3,5.0,14.5,34.7,18.6,23.8,78.3,10.8,29.3,40.1,22.8,14.3,7.8,4.1,5.2,24.0,0.0,0.5,Home
Minnesota Timberwolves,2004-05,41.0,24.0,17.0,0.585,48.1,97.8,37.5,81.2,46.2,4.9,13.9,34.9,18.0,22.4,80.0,10.8,31.6,42.4,25.0,12.4,5.7,5.7,3.8,21.7,0.0,3.2,Home
Portland Trail Blazers,2004-05,41.0,18.0,23.0,0.439,48.0,95.0,35.6,77.2,46.2,4.6,12.5,36.6,19.1,26.1,73.4,11.9,28.9,40.9,21.8,15.5,7.0,6.3,4.8,20.4,0.1,-2.1,Home
Detroit Pistons,2004-05,41.0,32.0,9.0,0.78,48.6,93.0,34.2,78.8,43.4,4.5,13.6,33.0,20.1,26.4,76.1,13.6,31.7,45.3,22.3,13.6,6.9,6.9,4.5,19.5,0.1,6.3,Home
Denver Nuggets,2004-05,41.0,31.0,10.0,0.756,48.1,102.4,38.1,81.4,46.8,4.4,12.4,35.9,21.8,28.6,76.1,11.7,31.2,42.9,26.5,14.5,9.3,7.0,6.0,22.6,0.1,7.2,Home
Orlando Magic,2004-05,41.0,24.0,17.0,0.585,48.1,103.0,38.6,82.3,46.9,4.2,11.8,36.1,21.7,28.6,75.9,13.1,31.8,44.9,20.5,16.6,8.0,5.9,3.9,23.5,0.0,1.4,Home
Atlanta Hawks,2004-05,41.0,9.0,32.0,0.22,48.5,93.9,36.2,81.3,44.6,4.0,12.1,32.9,17.4,24.6,70.8,13.9,29.2,43.1,20.1,15.9,7.4,4.1,5.3,24.1,0.0,-7.3,Home
Cleveland Cavaliers,2004-05,41.0,29.0,12.0,0.707,48.6,99.4,37.3,80.7,46.2,3.9,11.0,35.6,20.9,27.4,76.2,13.6,30.6,44.3,24.8,14.6,8.1,6.7,5.0,22.0,0.0,6.6,Home
Milwaukee Bucks,2004-05,41.0,23.0,18.0,0.561,48.0,99.5,36.2,79.1,45.7,3.9,11.0,35.6,23.2,29.3,79.3,12.1,29.6,41.7,22.0,13.6,7.0,3.5,4.0,21.1,0.1,2.9,Home
Charlotte Bobcats,2004-05,41.0,14.0,27.0,0.341,48.2,96.3,36.5,83.2,43.9,3.8,10.2,37.1,19.5,27.2,71.6,13.4,28.9,42.3,22.8,13.8,8.3,5.6,5.0,23.1,0.1,-2.1,Home
Utah Jazz,2004-05,41.0,18.0,23.0,0.439,48.2,94.3,34.6,76.1,45.5,3.4,10.0,34.1,21.7,28.6,75.9,12.9,27.5,40.3,22.1,15.6,6.5,4.7,5.3,26.5,0.0,-1.2,Home
Los Angeles Clippers,2004-05,41.0,27.0,14.0,0.659,49.7,99.1,37.0,78.5,47.1,3.0,8.6,34.6,22.1,28.7,77.1,12.0,31.6,43.7,25.1,16.0,7.4,5.6,3.6,22.6,0.0,3.4,Home
Phoenix Suns,2005-06,41.0,31.0,10.0,0.756,48.5,109.5,42.1,86.2,48.8,10.6,25.3,41.7,14.8,18.2,81.5,9.0,32.9,41.9,25.8,13.8,6.4,6.2,3.3,19.7,20.0,9.8,Home
Seattle SuperSonics,2005-06,41.0,22.0,19.0,0.537,48.4,105.1,38.1,81.8,46.6,7.6,20.1,37.8,21.2,26.3,80.6,12.2,27.8,40.0,21.9,13.8,7.7,3.8,4.7,23.6,22.9,1.9,Home
Toronto Raptors,2005-06,41.0,15.0,26.0,0.366,48.9,102.9,37.7,82.9,45.5,7.4,20.0,36.8,20.2,25.1,80.5,11.8,27.9,39.6,19.8,13.0,6.6,3.8,4.2,23.3,22.5,-1.4,Home
Golden State Warriors,2005-06,41.0,21.0,20.0,0.512,48.2,100.0,36.4,81.9,44.4,7.3,21.8,33.4,20.0,28.1,71.1,12.0,31.3,43.3,22.5,14.2,7.6,5.2,4.8,22.9,23.9,2.6,Home
Memphis Grizzlies,2005-06,41.0,30.0,11.0,0.732,48.2,93.3,33.7,74.2,45.4,7.0,19.1,36.8,18.8,26.5,70.9,10.9,30.2,41.1,19.7,14.1,7.2,6.4,5.0,21.2,23.3,7.4,Home
Chicago Bulls,2005-06,41.0,21.0,20.0,0.512,48.9,98.0,36.9,82.0,45.0,6.9,18.3,37.6,17.3,23.7,73.1,10.5,32.8,43.3,22.8,14.7,6.7,4.6,4.9,23.7,22.9,3.0,Home
Indiana Pacers,2005-06,41.0,27.0,14.0,0.659,48.1,96.2,34.6,76.2,45.3,6.8,18.6,36.6,20.2,27.3,74.0,11.9,32.2,44.0,21.0,15.4,7.4,5.3,4.6,21.1,22.9,7.0,Home
Los Angeles Lakers,2005-06,41.0,27.0,14.0,0.659,48.4,102.1,37.4,80.9,46.2,6.8,19.5,34.9,20.6,27.6,74.5,12.1,30.4,42.6,22.4,13.3,7.6,4.3,4.0,22.6,24.0,6.1,Home
Cleveland Cavaliers,2005-06,41.0,31.0,10.0,0.756,48.2,99.4,36.1,78.1,46.3,6.6,18.6,35.5,20.5,27.9,73.5,12.1,31.8,43.9,20.5,14.2,7.1,5.6,4.3,20.9,22.4,7.8,Home
Detroit Pistons,2005-06,41.0,37.0,4.0,0.902,48.5,99.6,37.2,81.0,46.0,6.5,17.6,37.1,18.6,25.3,73.6,12.8,29.9,42.7,25.1,11.4,7.2,6.8,3.2,18.6,22.3,10.1,Home
Sacramento Kings,2005-06,41.0,27.0,14.0,0.659,48.1,101.1,36.7,78.8,46.5,6.3,17.5,36.1,21.5,27.3,78.5,10.2,30.1,40.4,22.7,14.8,7.5,3.8,4.4,19.8,23.1,5.2,Home
Milwaukee Bucks,2005-06,41.0,25.0,16.0,0.61,48.6,99.6,37.1,80.2,46.2,6.2,16.3,38.2,19.1,26.1,73.4,11.6,29.8,41.4,23.6,14.8,7.5,3.3,4.2,23.0,24.5,1.5,Home
San Antonio Spurs,2005-06,41.0,34.0,7.0,0.829,48.1,96.4,37.2,78.0,47.7,6.1,16.2,38.0,15.9,23.2,68.4,11.3,31.8,43.1,21.4,13.5,6.6,6.4,4.4,19.4,20.9,9.3,Home
New Jersey Nets,2005-06,41.0,29.0,12.0,0.707,48.2,95.6,34.6,77.7,44.6,5.9,18.1,32.5,20.5,26.7,76.8,10.2,31.3,41.6,25.1,13.2,6.5,3.7,3.7,22.3,23.7,3.7,Home
Washington Wizards,2005-06,41.0,27.0,14.0,0.659,48.2,103.6,36.7,80.2,45.7,5.6,15.7,36.0,24.6,32.1,76.6,12.7,29.1,41.8,19.2,14.1,8.0,4.0,3.5,21.8,26.4,6.0,Home
Charlotte Bobcats,2005-06,41.0,17.0,24.0,0.415,48.9,98.5,36.4,84.3,43.2,5.5,16.1,34.0,20.1,27.9,72.1,13.0,27.9,40.9,20.8,14.6,10.6,4.7,5.2,23.8,24.5,-1.3,Home
Atlanta Hawks,2005-06,41.0,18.0,23.0,0.439,48.5,99.2,36.9,79.9,46.2,5.4,14.5,37.5,20.0,26.5,75.5,13.1,27.6,40.7,20.4,14.3,6.5,4.8,4.8,24.3,21.8,-2.0,Home
Boston Celtics,2005-06,41.0,21.0,20.0,0.512,48.4,96.3,35.1,76.2,46.1,5.4,15.5,35.1,20.5,27.3,75.2,10.2,30.9,41.1,21.4,16.3,7.4,5.7,4.1,23.4,22.9,1.0,Home
Miami Heat,2005-06,41.0,31.0,10.0,0.756,48.2,102.4,38.0,76.5,49.7,5.2,16.1,32.5,21.1,30.3,69.5,10.3,32.4,42.7,20.0,14.4,6.6,5.7,3.3,22.5,25.1,6.8,Home
Houston Rockets,2005-06,41.0,15.0,26.0,0.366,48.1,89.4,33.1,77.3,42.8,5.2,17.2,30.4,18.0,23.7,75.7,11.3,31.3,42.6,19.3,14.4,7.0,4.2,4.8,21.8,20.6,-1.2,Home
Dallas Mavericks,2005-06,41.0,34.0,7.0,0.829,48.2,101.2,36.4,77.2,47.1,5.1,12.4,41.3,23.3,30.0,77.6,13.2,30.1,43.3,18.2,13.5,7.4,6.1,4.9,20.9,24.5,10.6,Home
Portland Trail Blazers,2005-06,41.0,15.0,26.0,0.366,48.2,91.8,35.0,76.9,45.6,4.8,13.1,36.5,17.0,24.4,69.5,11.3,27.0,38.3,19.1,14.1,6.2,4.6,4.4,22.1,21.9,-4.9,Home
Philadelphia 76ers,2005-06,41.0,23.0,18.0,0.561,49.0,101.7,37.5,80.8,46.4,4.6,12.7,36.0,22.2,29.0,76.4,11.5,30.2,41.8,20.9,14.5,8.2,4.8,4.4,21.1,24.0,0.7,Home
Denver Nuggets,2005-06,41.0,26.0,15.0,0.634,48.7,103.8,38.8,83.1,46.6,4.1,12.6,32.4,22.2,30.5,72.9,12.4,31.5,44.0,25.5,14.2,8.1,6.9,5.4,22.9,24.4,4.3,Home
Utah Jazz,2005-06,41.0,22.0,19.0,0.537,48.4,92.3,33.2,75.2,44.2,3.9,11.4,34.2,22.0,30.5,72.1,12.9,30.5,43.4,21.0,15.3,6.4,6.5,5.0,23.6,25.9,0.2,Home
New Orleans/Oklahoma City Hornets,2005-06,41.0,24.0,17.0,0.585,48.1,95.1,35.6,78.8,45.2,3.9,11.6,33.5,20.0,26.4,75.9,11.8,29.6,41.4,19.0,13.0,7.4,4.1,4.7,21.3,23.6,2.0,Home
New York Knicks,2005-06,41.0,15.0,26.0,0.366,49.0,98.2,35.6,77.9,45.8,3.6,11.2,31.7,23.4,32.0,73.0,13.2,29.3,42.5,17.8,16.7,6.8,2.8,4.3,26.0,25.6,-5.0,Home
Minnesota Timberwolves,2005-06,41.0,24.0,17.0,0.585,48.5,94.5,36.0,78.2,46.0,3.4,10.5,32.3,19.1,25.3,75.6,9.8,31.2,41.1,23.0,13.9,6.8,5.9,4.1,23.0,21.8,2.6,Home
Orlando Magic,2005-06,41.0,26.0,15.0,0.634,48.5,96.7,36.1,75.4,47.8,3.2,9.7,33.5,21.2,28.6,74.3,11.1,30.6,41.7,18.4,15.1,6.8,4.4,4.2,22.7,24.0,3.2,Home
Los Angeles Clippers,2005-06,41.0,27.0,14.0,0.659,48.2,97.1,36.5,77.9,46.8,3.2,9.6,33.7,21.0,26.8,78.3,10.0,32.7,42.6,22.8,14.1,6.2,6.7,4.1,22.0,22.2,4.0,Home
Phoenix Suns,2006-07,41.0,33.0,8.0,0.805,48.2,109.6,41.0,83.1,49.3,9.4,24.1,38.9,18.2,22.1,82.2,9.3,32.4,41.7,24.8,14.0,6.3,5.5,3.7,19.3,21.0,10.0,Home
Houston Rockets,2006-07,41.0,28.0,13.0,0.683,48.2,97.3,35.8,79.4,45.1,9.0,23.9,37.6,16.8,22.9,73.5,11.0,32.3,43.4,21.4,13.8,7.1,4.0,3.8,19.9,20.1,6.6,Home
Golden State Warriors,2006-07,41.0,30.0,11.0,0.732,48.4,110.0,41.0,85.5,48.0,8.7,23.4,37.1,19.3,27.5,70.2,11.5,30.8,42.3,26.6,15.5,9.4,6.5,4.2,23.6,23.2,6.5,Home
Los Angeles Lakers,2006-07,41.0,25.0,16.0,0.61,49.0,106.3,39.0,82.1,47.5,7.9,21.0,37.7,20.3,27.9,72.7,11.2,31.8,43.0,25.4,16.0,7.2,5.5,5.0,22.4,24.0,2.9,Home
New Jersey Nets,2006-07,41.0,24.0,17.0,0.585,48.6,99.4,35.7,78.1,45.7,7.8,21.1,37.1,20.2,27.6,73.3,10.6,31.5,42.1,25.4,15.2,6.0,3.4,3.9,23.2,24.1,1.8,Home
Toronto Raptors,2006-07,41.0,30.0,11.0,0.732,48.1,102.2,38.1,79.7,47.8,7.1,17.9,39.8,18.9,24.2,77.8,9.6,30.7,40.3,23.6,13.2,7.0,4.3,3.5,19.6,22.1,5.1,Home
Dallas Mavericks,2006-07,41.0,36.0,5.0,0.878,48.2,102.7,37.6,78.8,47.7,7.0,17.4,40.3,20.5,25.5,80.2,11.4,30.9,42.4,20.8,13.9,7.0,5.3,3.8,21.8,22.5,10.4,Home
Sacramento Kings,2006-07,41.0,20.0,21.0,0.488,48.5,103.7,36.6,79.4,46.1,6.8,19.2,35.6,23.7,30.8,76.8,9.6,30.0,39.6,20.1,14.3,7.3,3.4,4.4,21.8,24.7,1.5,Home
Milwaukee Bucks,2006-07,41.0,18.0,23.0,0.439,48.4,101.3,38.6,80.6,47.8,6.8,18.0,37.7,17.4,23.6,73.7,11.1,28.0,39.0,23.4,15.0,6.7,2.7,4.5,21.8,21.0,-1.0,Home
Washington Wizards,2006-07,41.0,26.0,15.0,0.634,48.4,105.5,38.2,83.5,45.8,6.8,19.6,34.6,22.3,29.1,76.4,12.5,28.5,41.0,21.4,14.1,7.9,5.0,4.5,21.7,23.7,1.5,Home
San Antonio Spurs,2006-07,41.0,31.0,10.0,0.756,48.2,98.5,36.8,77.3,47.6,6.7,18.1,36.8,18.3,25.3,72.2,9.8,32.1,41.9,22.3,14.4,7.2,5.3,4.0,19.0,22.4,8.9,Home
Memphis Grizzlies,2006-07,41.0,14.0,27.0,0.341,49.0,105.5,37.8,79.5,47.5,6.6,17.8,37.2,23.3,30.6,76.4,10.6,29.1,39.7,20.7,16.0,7.4,5.3,5.0,22.6,25.2,-2.2,Home
Cleveland Cavaliers,2006-07,41.0,30.0,11.0,0.732,48.5,97.8,37.0,81.6,45.4,6.5,17.3,37.7,17.2,25.3,68.0,12.8,31.7,44.6,22.2,14.7,7.7,5.2,4.0,20.9,22.0,7.7,Home
Seattle SuperSonics,2006-07,41.0,20.0,21.0,0.488,48.1,99.5,36.8,80.5,45.7,6.2,17.3,35.9,19.7,24.9,79.2,11.6,28.4,40.0,21.0,15.6,8.2,3.8,4.4,22.2,20.8,0.0,Home
Indiana Pacers,2006-07,41.0,22.0,19.0,0.537,48.5,98.3,35.9,80.6,44.6,6.0,17.2,34.8,20.4,26.4,77.2,12.4,30.5,42.9,21.3,16.1,7.9,5.8,4.8,23.2,24.3,2.2,Home
Boston Celtics,2006-07,41.0,12.0,29.0,0.293,48.6,95.9,35.0,79.1,44.3,6.0,15.9,37.5,19.8,25.8,77.0,11.3,29.2,40.5,21.2,16.1,7.1,4.7,4.7,22.5,20.9,-2.8,Home
Miami Heat,2006-07,41.0,27.0,14.0,0.659,48.1,94.8,36.1,75.0,48.1,6.0,17.6,34.0,16.6,24.8,67.2,9.8,30.1,40.0,19.2,14.8,7.1,5.9,3.3,20.3,22.0,2.8,Home
Charlotte Bobcats,2006-07,41.0,20.0,21.0,0.488,48.7,97.5,36.0,81.2,44.4,6.0,15.9,37.5,19.6,26.6,73.6,11.7,29.0,40.8,22.7,14.4,7.8,4.9,5.1,24.0,22.6,-0.3,Home
Detroit Pistons,2006-07,41.0,26.0,15.0,0.634,48.4,96.8,35.9,79.0,45.4,5.8,16.2,35.7,19.2,24.5,78.3,11.5,28.4,39.9,22.6,11.9,6.8,6.1,3.8,20.5,20.7,3.9,Home
New York Knicks,2006-07,41.0,19.0,22.0,0.463,48.7,99.6,35.7,77.9,45.8,5.8,17.4,33.0,22.5,31.1,72.4,13.0,31.0,44.0,19.1,16.6,6.6,3.3,4.4,23.4,23.5,-0.3,Home
New Orleans/Oklahoma City Hornets,2006-07,41.0,24.0,17.0,0.585,48.9,95.8,36.6,82.4,44.4,5.7,15.1,37.6,17.0,23.1,73.3,12.6,31.5,44.1,19.2,13.2,6.6,4.5,4.4,19.1,20.8,0.0,Home
Denver Nuggets,2006-07,41.0,23.0,18.0,0.561,48.2,106.6,39.0,84.0,46.4,5.6,17.3,32.3,23.0,31.3,73.6,12.5,31.7,44.2,24.8,16.0,7.8,5.9,5.0,21.8,24.4,3.8,Home
Portland Trail Blazers,2006-07,41.0,18.0,23.0,0.439,48.4,95.8,35.8,78.5,45.6,5.4,15.3,35.2,18.8,24.1,78.0,11.4,28.2,39.6,19.5,14.3,7.0,4.5,3.7,23.0,20.8,-1.0,Home
Chicago Bulls,2006-07,41.0,31.0,10.0,0.756,48.1,100.0,37.8,81.5,46.4,5.3,14.6,36.6,19.0,25.5,74.5,12.4,32.5,44.9,23.6,15.2,8.1,6.1,5.3,21.9,22.8,10.5,Home
Minnesota Timberwolves,2006-07,41.0,20.0,21.0,0.488,48.9,98.0,37.1,80.4,46.2,4.5,13.0,35.0,19.1,24.0,79.6,10.1,31.0,41.1,23.4,15.0,6.3,4.1,4.3,21.5,20.8,-2.2,Home
Atlanta Hawks,2006-07,41.0,18.0,23.0,0.439,48.6,96.6,35.6,78.7,45.2,4.3,13.3,32.3,21.1,27.5,76.7,12.2,29.0,41.3,20.4,15.5,8.1,5.6,4.5,23.5,22.9,-0.5,Home
Utah Jazz,2006-07,41.0,31.0,10.0,0.756,48.4,104.6,38.7,78.7,49.1,4.2,12.0,35.0,23.1,30.7,75.2,12.5,30.7,43.1,25.8,15.0,6.9,4.6,4.8,25.1,25.2,6.8,Home
Orlando Magic,2006-07,41.0,25.0,16.0,0.61,48.1,95.7,34.7,73.1,47.5,4.0,11.7,34.6,22.2,31.1,71.3,11.4,29.9,41.3,18.3,17.6,7.2,4.9,4.3,23.0,24.8,4.3,Home
Philadelphia 76ers,2006-07,41.0,21.0,20.0,0.512,48.5,94.6,35.1,77.3,45.4,3.6,10.1,35.7,20.7,26.7,77.6,11.0,30.5,41.5,21.1,15.9,7.0,4.6,3.7,19.4,22.2,-1.1,Home
Los Angeles Clippers,2006-07,41.0,25.0,16.0,0.61,48.1,97.4,35.2,76.4,46.1,3.4,10.9,31.2,23.5,29.8,79.0,10.5,30.7,41.2,23.1,14.9,7.5,7.1,3.9,22.4,23.6,3.6,Home
Orlando Magic,2007-08,41.0,25.0,16.0,0.61,48.0,104.5,37.5,78.3,47.9,9.9,24.7,40.0,19.6,27.5,71.5,9.5,32.4,42.0,20.7,14.3,5.8,4.1,3.9,19.9,22.8,6.3,Home
Indiana Pacers,2007-08,41.0,21.0,20.0,0.512,48.1,106.1,38.2,86.5,44.2,9.4,24.5,38.6,20.2,25.9,78.2,11.9,32.6,44.5,22.7,14.1,7.1,5.6,5.4,23.4,22.2,1.3,Home
Golden State Warriors,2007-08,41.0,27.0,14.0,0.659,48.4,113.9,42.6,91.4,46.6,9.3,26.7,34.8,19.3,26.0,74.3,13.5,30.8,44.3,24.1,12.9,9.1,5.0,4.5,22.2,21.5,4.2,Home
Memphis Grizzlies,2007-08,41.0,14.0,27.0,0.341,48.4,103.4,38.4,81.4,47.2,8.3,22.4,37.3,18.3,25.6,71.6,10.2,31.4,41.7,19.1,15.7,5.8,4.8,4.2,19.4,22.1,-4.4,Home
Los Angeles Lakers,2007-08,41.0,30.0,11.0,0.732,48.2,110.2,39.7,83.7,47.4,8.2,21.3,38.7,22.6,29.2,77.3,11.9,33.5,45.4,25.7,14.5,8.4,6.0,4.5,20.7,23.3,8.9,Home
Phoenix Suns,2007-08,41.0,30.0,11.0,0.732,48.4,112.3,41.8,83.6,50.0,8.2,21.0,39.3,20.4,26.1,78.2,9.2,33.3,42.5,25.4,13.5,6.0,7.6,4.0,20.0,21.7,7.2,Home
Houston Rockets,2007-08,41.0,31.0,10.0,0.756,48.0,97.9,37.4,82.8,45.2,7.7,22.1,34.7,15.3,21.9,70.0,12.9,32.6,45.5,22.6,13.3,7.3,5.5,4.0,18.5,19.1,7.9,Home
San Antonio Spurs,2007-08,41.0,34.0,7.0,0.829,48.0,97.9,36.8,78.7,46.8,7.5,19.6,38.1,16.8,22.0,76.3,9.5,32.6,42.1,22.4,12.5,6.6,4.5,4.3,18.2,20.0,9.5,Home
New Orleans Hornets,2007-08,41.0,30.0,11.0,0.732,48.2,102.1,38.9,82.3,47.3,7.4,19.5,37.9,16.9,22.0,76.8,11.2,30.7,42.0,23.5,11.9,8.2,4.0,3.3,18.1,19.6,7.9,Home
Toronto Raptors,2007-08,41.0,25.0,16.0,0.61,48.5,102.1,39.1,82.3,47.5,7.3,18.4,39.8,16.7,20.3,82.2,9.9,31.0,40.9,24.2,10.8,7.0,4.5,3.7,19.2,18.2,7.4,Home
Washington Wizards,2007-08,41.0,25.0,16.0,0.61,48.4,100.5,37.3,81.4,45.8,7.1,19.6,36.4,18.7,23.9,78.3,12.4,29.2,41.7,20.6,13.0,8.1,4.9,3.9,19.0,20.1,3.4,Home
Portland Trail Blazers,2007-08,41.0,28.0,13.0,0.683,48.4,97.8,36.6,79.5,46.0,6.9,17.6,39.2,17.8,23.1,77.0,10.7,30.2,40.9,23.4,12.4,6.1,4.4,2.9,19.4,21.1,3.8,Home
Denver Nuggets,2007-08,41.0,33.0,8.0,0.805,48.4,113.0,40.4,86.6,46.6,6.7,19.1,35.2,25.5,33.5,76.2,11.8,35.0,46.9,27.3,14.7,9.0,7.9,4.9,20.7,25.4,10.5,Home
Boston Celtics,2007-08,41.0,35.0,6.0,0.854,48.0,100.4,36.8,76.2,48.2,6.5,18.0,36.3,20.3,26.4,76.8,10.1,32.1,42.2,24.5,15.2,8.5,4.7,4.1,22.2,21.9,12.5,Home
Charlotte Bobcats,2007-08,41.0,21.0,20.0,0.512,48.6,99.9,36.9,80.5,45.8,6.4,17.1,37.1,19.7,27.5,71.5,11.3,30.1,41.5,21.3,14.0,7.4,5.4,5.8,22.0,22.0,0.0,Home
Dallas Mavericks,2007-08,41.0,34.0,7.0,0.829,48.0,103.7,38.1,79.6,47.9,6.3,16.5,38.2,21.2,25.8,82.0,10.7,33.7,44.4,22.2,12.9,6.2,5.7,4.4,21.4,21.2,8.9,Home
Cleveland Cavaliers,2007-08,41.0,27.0,14.0,0.659,48.7,97.7,36.3,82.0,44.3,6.1,18.1,33.9,19.0,25.9,73.4,13.4,32.3,45.7,21.7,13.1,7.1,6.1,4.8,19.8,20.7,2.8,Home
Sacramento Kings,2007-08,41.0,26.0,15.0,0.634,48.4,104.4,37.1,80.1,46.3,6.1,16.8,36.7,24.0,29.9,80.6,10.5,30.6,41.0,17.8,15.4,8.4,4.6,5.2,21.7,24.4,2.4,Home
New Jersey Nets,2007-08,41.0,21.0,20.0,0.512,48.5,97.2,34.8,79.0,44.0,6.1,17.6,34.9,21.5,28.4,75.8,11.8,31.4,43.2,24.2,14.9,6.4,5.1,3.8,22.8,23.5,-2.1,Home
Detroit Pistons,2007-08,41.0,34.0,7.0,0.829,48.1,99.8,37.6,80.4,46.8,6.0,16.3,36.8,18.6,24.4,76.1,12.9,29.5,42.4,24.3,11.9,7.5,6.7,3.9,20.2,20.6,11.6,Home
New York Knicks,2007-08,41.0,15.0,26.0,0.366,48.4,96.9,36.2,81.4,44.5,6.0,18.1,32.9,18.5,26.5,69.7,13.2,30.0,43.2,17.6,14.6,6.1,2.2,4.4,20.8,20.7,-3.9,Home
Milwaukee Bucks,2007-08,41.0,19.0,22.0,0.463,48.4,100.1,37.3,81.4,45.8,5.9,16.0,37.0,19.6,26.6,73.6,12.5,29.3,41.8,23.5,14.3,7.0,4.4,4.2,21.0,22.0,-2.4,Home
Utah Jazz,2007-08,41.0,37.0,4.0,0.902,48.0,109.0,41.0,79.8,51.3,5.9,14.2,41.4,21.1,27.7,76.3,10.9,30.2,41.0,27.5,13.5,9.2,4.6,4.1,23.3,23.1,14.3,Home
Miami Heat,2007-08,41.0,9.0,32.0,0.22,48.5,92.7,34.9,77.5,45.0,5.9,17.3,34.0,17.1,22.8,75.0,8.9,28.9,37.8,19.6,14.8,7.8,4.7,3.5,20.1,19.9,-7.1,Home
Chicago Bulls,2007-08,41.0,20.0,21.0,0.488,48.4,98.6,37.2,84.9,43.8,5.6,15.7,35.5,18.7,24.2,77.0,13.8,30.8,44.6,22.4,14.6,8.0,5.7,5.9,21.0,21.2,-0.6,Home
Minnesota Timberwolves,2007-08,41.0,15.0,26.0,0.366,48.2,96.6,37.8,82.6,45.7,5.2,15.1,34.7,15.9,21.5,74.0,11.7,30.4,42.1,20.5,14.2,7.2,3.8,5.5,22.5,18.0,-4.1,Home
Atlanta Hawks,2007-08,41.0,25.0,16.0,0.61,48.7,101.8,37.6,80.3,46.8,4.5,13.3,33.9,22.0,28.1,78.3,12.4,30.6,43.0,24.6,14.8,7.2,5.7,4.5,20.5,22.4,2.1,Home
Seattle SuperSonics,2007-08,41.0,13.0,28.0,0.317,48.4,98.8,38.4,85.4,45.0,3.9,11.5,33.9,18.1,23.1,78.3,11.8,32.5,44.3,21.4,14.9,6.4,5.3,4.9,20.6,19.9,-5.2,Home
Los Angeles Clippers,2007-08,41.0,13.0,28.0,0.317,48.4,92.5,34.1,77.9,43.8,3.6,12.8,28.1,20.6,26.6,77.5,9.8,30.6,40.4,22.6,14.5,6.3,5.1,4.4,21.1,21.9,-5.4,Home
Philadelphia 76ers,2007-08,41.0,22.0,19.0,0.537,48.1,96.9,37.4,80.6,46.4,3.6,12.1,29.6,18.5,26.5,69.8,12.8,29.7,42.4,21.4,14.2,9.2,4.9,3.8,19.8,21.0,4.1,Home
New York Knicks,2008-09,41.0,20.0,21.0,0.488,48.4,107.0,38.6,86.0,44.9,9.9,26.9,36.6,19.8,25.1,78.9,11.6,31.5,43.1,20.3,14.3,7.2,2.2,4.5,20.9,20.6,-1.0,Home
Orlando Magic,2008-09,41.0,32.0,9.0,0.78,48.1,101.2,35.8,78.1,45.8,9.6,25.8,37.1,20.0,28.3,70.8,10.7,33.5,44.2,19.4,14.2,7.3,5.6,3.2,19.7,22.9,9.9,Home
Indiana Pacers,2008-09,41.0,25.0,16.0,0.61,48.7,106.7,39.5,86.9,45.5,8.1,21.0,38.7,19.5,24.6,79.3,11.7,34.1,45.8,21.0,14.2,6.6,6.3,5.2,22.7,21.2,2.5,Home
Cleveland Cavaliers,2008-09,41.0,39.0,2.0,0.951,48.2,102.3,37.7,78.9,47.8,8.0,20.1,39.7,19.0,24.4,77.9,10.8,32.0,42.8,21.8,12.5,7.9,5.7,4.0,19.4,20.0,14.4,Home
New Jersey Nets,2008-09,41.0,19.0,22.0,0.463,48.2,98.0,35.4,79.7,44.4,7.9,21.4,37.0,19.3,24.8,78.0,11.0,30.0,40.9,20.7,13.2,6.8,4.8,4.8,22.2,20.9,-0.9,Home
San Antonio Spurs,2008-09,41.0,28.0,13.0,0.683,48.4,97.9,37.8,78.4,48.1,7.9,19.7,40.0,14.5,19.7,73.4,8.5,31.8,40.2,21.8,11.6,5.6,4.0,3.7,18.0,18.7,4.9,Home
Miami Heat,2008-09,41.0,28.0,13.0,0.683,49.0,100.8,37.6,80.6,46.6,7.7,20.1,38.0,18.0,23.9,75.3,10.2,30.8,41.0,19.3,13.2,8.4,5.6,3.2,19.7,20.1,4.2,Home
Houston Rockets,2008-09,41.0,33.0,8.0,0.805,48.5,99.9,36.7,80.4,45.6,7.5,20.1,37.3,19.0,23.4,81.0,11.0,33.8,44.7,21.1,13.7,7.0,4.7,5.3,18.0,20.3,8.8,Home
Dallas Mavericks,2008-09,41.0,32.0,9.0,0.78,48.5,106.2,39.3,82.0,47.9,7.2,19.4,37.4,20.4,24.7,82.4,11.2,32.2,43.4,24.1,13.1,7.6,5.7,3.9,19.4,21.3,6.5,Home
Sacramento Kings,2008-09,41.0,11.0,30.0,0.268,48.6,102.1,36.8,82.5,44.6,7.2,20.0,36.0,21.3,27.2,78.5,11.0,29.7,40.7,19.3,14.9,6.8,4.4,4.8,23.0,21.9,-6.0,Home
Atlanta Hawks,2008-09,41.0,31.0,10.0,0.756,48.0,98.7,36.9,78.5,47.0,7.1,19.8,36.1,17.8,24.1,74.0,10.6,30.4,41.0,22.4,13.0,7.2,4.2,3.2,18.8,20.3,5.7,Home
Portland Trail Blazers,2008-09,41.0,34.0,7.0,0.829,48.5,103.8,38.2,80.5,47.5,7.1,19.1,37.5,20.1,25.9,77.6,14.1,28.9,43.0,22.1,12.4,7.4,5.4,3.3,19.6,22.2,10.3,Home
Denver Nuggets,2008-09,41.0,33.0,8.0,0.805,48.1,107.8,37.9,79.9,47.5,7.0,18.9,37.4,25.0,33.2,75.1,11.1,31.4,42.5,25.0,15.1,8.8,7.3,5.5,22.3,25.0,7.1,Home
Los Angeles Lakers,2008-09,41.0,36.0,5.0,0.878,48.4,108.0,40.7,85.7,47.5,7.0,19.2,36.5,19.6,25.7,76.1,12.7,33.1,45.8,25.2,13.8,9.0,6.0,4.5,20.9,22.0,10.1,Home
Boston Celtics,2008-09,41.0,35.0,6.0,0.854,48.6,104.6,39.1,78.7,49.7,6.9,16.7,41.3,19.4,25.2,76.9,10.5,31.2,41.8,24.8,14.6,7.5,4.9,4.5,22.4,22.2,10.1,Home
Golden State Warriors,2008-09,41.0,21.0,20.0,0.512,48.9,113.8,40.8,86.0,47.5,6.8,17.9,38.3,25.3,31.4,80.8,11.5,30.6,42.1,22.4,13.8,7.5,7.0,4.3,22.9,25.0,1.4,Home
Phoenix Suns,2008-09,41.0,28.0,13.0,0.683,48.0,112.7,42.5,81.9,52.0,6.7,16.6,40.5,20.9,28.2,74.1,11.3,31.7,43.0,22.8,15.0,6.9,5.4,3.8,19.8,23.0,6.3,Home
New Orleans Hornets,2008-09,41.0,28.0,13.0,0.683,48.0,96.3,35.3,76.3,46.3,6.7,18.6,35.8,19.0,23.5,80.9,10.1,30.4,40.5,20.9,12.8,7.4,4.2,3.2,20.0,21.1,4.6,Home
Milwaukee Bucks,2008-09,41.0,22.0,19.0,0.537,48.4,102.7,37.8,83.0,45.5,6.5,17.5,36.9,20.8,26.5,78.2,12.2,29.2,41.5,24.2,13.4,7.7,3.7,3.8,23.9,23.4,2.9,Home
Los Angeles Clippers,2008-09,41.0,11.0,30.0,0.268,48.2,93.9,35.7,80.7,44.2,6.4,18.5,34.5,16.2,22.4,72.1,10.9,28.9,39.7,21.7,14.5,7.0,6.7,5.2,20.0,19.6,-7.6,Home
Minnesota Timberwolves,2008-09,41.0,11.0,30.0,0.268,48.5,98.2,36.8,83.5,44.1,6.1,18.4,33.2,18.5,24.9,74.3,12.0,29.4,41.3,20.4,14.0,6.8,3.8,5.7,22.3,20.5,-5.8,Home
Chicago Bulls,2008-09,41.0,28.0,13.0,0.683,48.5,104.3,38.4,83.4,46.0,5.8,15.1,38.4,21.8,27.2,80.1,12.0,30.5,42.5,21.6,13.8,7.9,6.2,5.2,19.5,21.8,4.1,Home
Toronto Raptors,2008-09,41.0,18.0,23.0,0.439,48.5,101.7,38.3,81.3,47.1,5.8,14.8,38.8,19.4,22.8,85.0,9.4,30.9,40.3,23.0,12.9,6.4,5.2,4.6,19.1,19.9,0.5,Home
Charlotte Bobcats,2008-09,41.0,23.0,18.0,0.561,48.5,93.7,34.4,75.8,45.4,5.6,16.1,35.0,19.3,25.6,75.2,10.7,30.4,41.1,21.2,15.9,7.0,6.0,6.1,21.4,21.7,2.2,Home
Memphis Grizzlies,2008-09,41.0,16.0,25.0,0.39,48.1,95.2,35.5,77.3,45.9,5.0,13.7,36.8,19.3,25.5,75.5,10.7,29.1,39.8,17.4,14.7,7.3,5.2,5.2,21.5,21.7,-3.3,Home
Utah Jazz,2008-09,41.0,33.0,8.0,0.805,48.1,105.0,38.9,80.1,48.6,5.0,13.3,37.5,22.2,28.7,77.5,11.3,30.7,42.0,25.6,13.9,8.7,4.7,4.8,20.8,24.0,9.5,Home
Washington Wizards,2008-09,41.0,13.0,28.0,0.317,48.0,97.4,36.8,81.4,45.1,5.0,14.8,33.6,18.9,24.4,77.7,12.2,28.6,40.8,21.4,13.7,7.9,4.7,5.3,21.0,20.0,-4.7,Home
Philadelphia 76ers,2008-09,41.0,24.0,17.0,0.585,48.0,97.7,36.6,79.6,46.0,4.2,12.7,33.2,20.3,26.9,75.5,12.9,28.9,41.8,21.1,13.7,7.8,5.0,4.1,19.9,22.0,4.0,Home
Detroit Pistons,2008-09,41.0,21.0,20.0,0.512,48.4,94.6,36.7,79.4,46.2,4.1,12.3,33.5,17.1,23.0,74.5,11.4,29.7,41.1,21.4,12.1,6.0,5.1,4.6,20.8,19.7,0.2,Home
Oklahoma City Thunder,2008-09,41.0,15.0,26.0,0.366,48.1,95.1,36.3,80.1,45.3,4.0,11.4,35.1,18.6,24.4,76.0,11.8,31.4,43.1,20.0,16.5,7.2,4.7,4.5,19.3,20.2,-3.7,Home
Orlando Magic,2009-10,41.0,34.0,7.0,0.829,48.0,105.4,37.8,78.2,48.3,9.8,26.1,37.4,20.1,27.1,74.1,9.9,33.6,43.5,19.8,14.0,6.2,5.6,3.4,19.4,23.0,11.6,Home
Phoenix Suns,2009-10,41.0,32.0,9.0,0.78,48.1,112.6,41.5,83.3,49.8,8.9,21.6,41.2,20.7,26.3,78.7,11.8,31.9,43.7,22.9,14.4,5.5,4.9,4.1,19.9,22.6,9.4,Home
New York Knicks,2009-10,41.0,18.0,23.0,0.439,48.5,103.5,38.7,84.1,46.0,8.6,25.7,33.6,17.5,22.1,79.1,10.5,31.0,41.4,21.2,13.6,7.0,3.7,4.3,20.2,19.7,-0.7,Home
Milwaukee Bucks,2009-10,41.0,28.0,13.0,0.683,48.7,99.9,37.7,85.9,43.9,8.1,21.9,37.1,16.4,21.5,76.3,12.9,30.3,43.2,21.4,12.9,7.0,4.9,4.7,22.1,21.4,3.3,Home
Golden State Warriors,2009-10,41.0,18.0,23.0,0.439,48.1,112.0,41.4,87.4,47.3,8.1,20.7,39.2,21.2,26.8,78.9,10.0,30.3,40.3,24.4,14.7,10.1,3.7,4.8,22.4,22.3,0.8,Home
Indiana Pacers,2009-10,41.0,23.0,18.0,0.561,48.1,102.9,37.9,84.3,44.9,8.0,23.0,34.9,19.1,24.7,77.4,10.5,33.0,43.5,21.1,14.1,7.1,6.2,5.4,22.4,21.0,1.9,Home
Houston Rockets,2009-10,41.0,23.0,18.0,0.561,48.7,103.4,38.4,84.2,45.6,7.5,21.5,35.0,19.0,25.4,75.0,11.4,30.2,41.6,22.3,13.5,6.5,4.2,6.4,20.7,22.6,1.5,Home
San Antonio Spurs,2009-10,41.0,29.0,12.0,0.707,48.0,105.5,39.9,81.2,49.2,7.3,18.6,39.0,18.3,24.7,74.2,10.6,32.0,42.6,24.3,13.5,6.6,5.0,5.2,19.8,21.0,8.3,Home
Cleveland Cavaliers,2009-10,41.0,35.0,6.0,0.854,48.1,103.3,38.7,77.9,49.7,7.2,19.1,37.9,18.7,26.0,71.8,9.5,32.7,42.1,24.5,12.8,6.5,5.6,3.9,18.0,20.7,8.9,Home
New Orleans Hornets,2009-10,41.0,24.0,17.0,0.585,48.4,100.9,38.7,83.2,46.5,7.1,19.1,37.3,16.4,21.1,77.8,11.1,30.7,41.8,23.7,13.7,7.8,3.7,4.5,19.5,20.2,0.9,Home
Denver Nuggets,2009-10,41.0,34.0,7.0,0.829,48.2,110.0,39.2,82.3,47.7,6.9,19.2,35.7,24.7,32.3,76.4,10.9,30.9,41.8,24.0,13.6,8.6,5.7,5.3,22.1,24.5,9.0,Home
Los Angeles Lakers,2009-10,41.0,34.0,7.0,0.829,48.0,103.9,38.9,84.8,45.9,6.8,19.3,35.1,19.3,24.7,78.3,12.0,32.9,45.0,23.4,13.1,7.5,5.3,4.1,18.9,21.6,8.5,Home
Atlanta Hawks,2009-10,41.0,34.0,7.0,0.829,48.7,104.5,39.8,84.3,47.2,6.6,18.1,36.2,18.5,24.0,76.8,13.0,30.4,43.4,24.9,12.1,8.0,4.5,3.9,20.1,19.7,8.5,Home
Dallas Mavericks,2009-10,41.0,28.0,13.0,0.683,48.5,101.8,38.0,82.5,46.1,6.4,17.7,36.5,19.3,23.6,81.8,11.0,31.0,42.0,23.0,12.7,7.6,5.4,3.8,19.4,21.0,2.2,Home
Portland Trail Blazers,2009-10,41.0,26.0,15.0,0.634,48.1,98.3,36.1,78.5,46.0,6.4,17.7,36.3,19.7,25.6,77.0,11.6,29.6,41.2,21.3,12.1,6.1,4.4,3.8,20.5,21.9,4.8,Home
Miami Heat,2009-10,41.0,24.0,17.0,0.585,48.6,96.8,36.6,80.3,45.6,6.1,17.8,34.3,17.4,23.3,74.7,10.3,31.2,41.5,18.4,12.6,7.5,5.9,4.2,19.8,20.7,3.4,Home
Sacramento Kings,2009-10,41.0,18.0,23.0,0.439,48.7,103.5,39.6,85.7,46.3,6.0,17.1,35.3,18.2,25.1,72.6,12.1,31.2,43.4,20.1,14.5,7.0,5.1,5.3,22.0,20.6,-1.2,Home
Boston Celtics,2009-10,41.0,24.0,17.0,0.585,48.2,100.3,38.0,77.8,48.9,6.0,17.8,33.5,18.3,24.6,74.5,9.0,28.9,37.9,25.3,14.4,8.9,4.3,4.4,22.0,21.3,3.4,Home
Los Angeles Clippers,2009-10,41.0,21.0,20.0,0.512,48.0,96.4,36.2,78.4,46.2,5.8,17.5,33.3,18.1,24.5,74.1,11.2,30.8,42.0,23.6,17.0,6.8,5.8,5.2,18.8,20.1,-2.8,Home
Charlotte Bobcats,2009-10,41.0,31.0,10.0,0.756,48.5,98.3,36.0,78.0,46.1,5.8,16.0,36.2,20.6,27.1,76.2,10.4,31.3,41.7,21.3,15.3,8.0,6.9,6.7,19.4,22.1,6.6,Home
Utah Jazz,2009-10,41.0,32.0,9.0,0.78,48.2,107.6,40.6,79.4,51.1,5.7,14.8,38.3,20.7,28.3,73.2,9.8,31.3,41.2,26.8,14.4,8.8,4.8,4.7,22.7,22.5,9.5,Home
Toronto Raptors,2009-10,41.0,25.0,16.0,0.61,48.2,104.5,39.2,81.6,48.1,5.5,16.1,34.3,20.6,26.8,76.6,10.5,31.5,41.9,22.1,12.8,6.0,5.3,3.8,21.4,21.6,1.3,Home
Washington Wizards,2009-10,41.0,15.0,26.0,0.366,48.4,98.1,37.5,82.1,45.7,5.5,15.0,36.4,17.6,22.8,77.1,12.3,29.7,42.0,20.3,14.5,6.1,5.2,5.1,20.6,20.6,-2.8,Home
Philadelphia 76ers,2009-10,41.0,12.0,29.0,0.293,48.4,96.6,37.5,81.2,46.2,5.2,16.3,32.0,16.3,21.8,74.7,11.5,28.8,40.3,21.7,14.3,8.2,5.1,3.3,20.3,18.2,-4.8,Home
Oklahoma City Thunder,2009-10,41.0,27.0,14.0,0.659,48.2,101.7,37.8,79.3,47.6,5.0,14.8,33.4,21.1,26.7,79.3,11.2,31.5,42.8,20.0,15.0,7.8,5.8,4.0,20.4,21.3,5.6,Home
Minnesota Timberwolves,2009-10,41.0,10.0,31.0,0.244,48.1,97.6,38.0,83.3,45.6,4.7,14.1,33.2,17.0,23.3,72.7,11.6,32.0,43.6,20.7,16.1,7.3,4.2,4.9,19.5,20.5,-5.6,Home
Memphis Grizzlies,2009-10,41.0,23.0,18.0,0.561,48.7,101.8,38.8,84.0,46.2,4.5,14.1,32.0,19.6,26.5,74.0,13.3,31.1,44.5,18.2,15.6,7.8,5.4,5.6,20.1,23.1,0.0,Home
Chicago Bulls,2009-10,41.0,24.0,17.0,0.585,48.6,98.0,38.0,84.1,45.2,4.2,12.6,33.7,17.8,23.6,75.3,11.9,34.1,46.0,22.0,14.2,6.2,6.2,5.0,19.9,20.1,0.7,Home
Detroit Pistons,2009-10,41.0,17.0,24.0,0.415,48.4,93.4,35.0,80.0,43.8,4.2,14.5,29.3,19.1,25.6,74.7,12.7,28.4,41.1,20.3,13.5,7.1,4.1,5.0,21.8,21.3,-3.3,Home
New Jersey Nets,2009-10,41.0,8.0,33.0,0.195,48.2,92.0,33.9,80.0,42.3,4.2,14.2,29.4,20.1,25.9,77.6,10.8,30.2,41.0,19.4,13.7,6.8,4.5,4.9,19.8,20.7,-7.2,Home
San Antonio Spurs,2010-11,41.0,36.0,5.0,0.878,48.2,106.0,39.0,79.9,48.8,9.1,21.7,41.9,18.9,24.6,76.8,9.5,32.4,41.9,24.1,13.6,7.8,5.1,4.4,17.7,20.7,9.9,Home
Orlando Magic,2010-11,41.0,29.0,12.0,0.707,48.1,99.2,36.2,77.6,46.6,8.9,25.1,35.5,18.0,26.6,67.4,11.0,33.5,44.5,20.4,15.7,6.9,4.9,3.4,19.4,22.9,9.0,Home
New York Knicks,2010-11,41.0,23.0,18.0,0.561,48.1,108.1,39.1,83.0,47.2,8.8,24.8,35.6,21.0,26.0,80.6,10.2,29.9,40.1,21.3,13.5,7.6,5.4,3.6,20.6,21.1,1.9,Home
Golden State Warriors,2010-11,41.0,26.0,15.0,0.634,48.4,105.9,40.6,85.9,47.3,8.8,21.6,40.5,16.0,20.7,77.3,11.3,28.6,39.9,24.9,13.7,9.2,5.2,3.2,20.8,18.7,2.7,Home
Phoenix Suns,2010-11,41.0,23.0,18.0,0.561,48.9,105.5,39.0,83.2,46.9,8.7,22.2,39.3,18.6,25.0,74.7,10.7,30.5,41.2,23.5,14.3,6.7,4.7,4.0,20.0,21.8,0.8,Home
Denver Nuggets,2010-11,41.0,33.0,8.0,0.805,48.0,111.8,39.9,81.7,48.8,8.3,21.4,39.0,23.7,31.4,75.5,9.8,33.9,43.7,24.0,13.0,7.0,5.1,5.5,20.9,24.1,10.6,Home
Minnesota Timberwolves,2010-11,41.0,12.0,29.0,0.293,48.4,101.9,37.7,85.9,43.9,7.8,19.9,39.4,18.7,24.2,77.1,13.0,31.9,45.0,20.9,16.2,7.5,5.7,5.1,22.0,21.1,-3.3,Home
Dallas Mavericks,2010-11,41.0,29.0,12.0,0.707,48.0,101.5,37.9,78.6,48.2,7.8,21.2,36.7,17.9,22.8,78.4,10.3,32.0,42.4,24.1,14.7,7.3,4.5,3.4,19.3,20.1,6.2,Home
Houston Rockets,2010-11,41.0,25.0,16.0,0.61,48.6,105.7,38.8,86.0,45.1,7.7,22.1,34.7,20.5,25.5,80.1,12.0,32.3,44.3,23.6,12.9,7.0,4.9,5.5,20.2,21.6,4.7,Home
Indiana Pacers,2010-11,41.0,24.0,17.0,0.585,48.4,103.1,37.9,83.7,45.2,7.2,20.1,35.7,20.3,25.6,79.1,11.3,34.0,45.4,19.9,14.8,7.0,6.0,5.9,21.0,22.0,3.5,Home
Cleveland Cavaliers,2010-11,41.0,12.0,29.0,0.293,48.4,95.7,35.2,81.1,43.4,6.7,19.2,35.1,18.6,25.3,73.7,10.4,31.2,41.6,22.1,14.3,6.5,4.6,5.7,19.7,21.3,-5.7,Home
Chicago Bulls,2010-11,41.0,36.0,5.0,0.878,48.1,100.1,37.4,80.5,46.4,6.7,17.1,38.8,18.7,24.8,75.6,11.7,32.5,44.2,23.2,13.8,7.6,6.7,6.1,19.7,19.9,10.2,Home
Los Angeles Lakers,2010-11,41.0,30.0,11.0,0.732,48.5,103.6,39.0,83.6,46.6,6.4,18.4,34.9,19.2,24.4,78.5,12.5,31.5,44.0,23.0,13.3,7.8,5.8,4.6,19.3,21.1,8.7,Home
Miami Heat,2010-11,41.0,30.0,11.0,0.732,48.2,103.1,36.8,76.8,47.9,6.4,17.9,35.5,23.1,29.8,77.7,9.9,32.2,42.1,19.0,13.2,6.7,5.7,2.8,19.8,22.7,9.1,Home
Portland Trail Blazers,2010-11,41.0,30.0,11.0,0.732,48.5,98.5,36.6,80.8,45.3,6.3,18.7,33.6,19.0,23.3,81.9,12.3,27.5,39.8,21.4,12.7,8.5,4.0,3.5,18.5,22.4,5.6,Home
New Jersey Nets,2010-11,41.0,19.0,22.0,0.463,49.2,95.7,36.0,81.1,44.3,6.2,16.6,37.6,17.6,23.4,75.1,11.0,31.0,41.9,21.2,14.5,5.8,4.9,4.0,21.5,20.8,-3.2,Home
Los Angeles Clippers,2010-11,41.0,23.0,18.0,0.561,48.4,100.4,37.2,80.1,46.4,6.2,18.7,32.9,19.9,28.1,70.8,11.9,31.1,43.0,24.1,16.0,7.0,5.9,4.4,21.1,23.4,1.2,Home
Oklahoma City Thunder,2010-11,41.0,30.0,11.0,0.732,48.7,107.1,37.7,79.7,47.3,6.1,17.1,35.9,25.6,31.2,81.8,10.7,31.8,42.5,21.6,14.2,8.6,6.2,4.0,22.0,22.3,6.3,Home
Philadelphia 76ers,2010-11,41.0,26.0,15.0,0.634,48.5,100.5,38.4,82.2,46.7,6.0,15.9,37.5,17.8,22.8,78.0,10.1,31.3,41.4,23.5,12.4,7.5,4.7,4.1,18.7,19.1,5.1,Home
Atlanta Hawks,2010-11,41.0,24.0,17.0,0.585,48.0,95.0,36.8,79.1,46.5,5.9,17.6,33.8,15.6,20.2,77.1,9.7,28.9,38.6,23.6,13.3,6.1,4.2,3.7,18.8,18.4,-0.9,Home
Milwaukee Bucks,2010-11,41.0,22.0,19.0,0.537,48.4,92.3,34.2,78.7,43.4,5.9,17.5,33.7,18.1,23.7,76.3,10.6,31.4,42.0,18.9,13.7,7.2,5.3,3.8,20.2,20.9,2.0,Home
Detroit Pistons,2010-11,41.0,21.0,20.0,0.512,48.9,100.8,38.7,81.2,47.6,5.8,14.7,39.6,17.7,23.2,76.2,11.3,27.4,38.8,22.6,12.6,7.1,4.4,4.0,20.0,19.6,-0.5,Home
Sacramento Kings,2010-11,41.0,11.0,30.0,0.268,48.4,98.7,37.7,85.0,44.4,5.5,16.7,32.9,17.9,24.1,74.0,13.3,30.9,44.2,19.7,16.0,7.4,5.0,5.0,22.2,21.3,-3.4,Home
New Orleans Hornets,2010-11,41.0,28.0,13.0,0.683,48.2,95.8,36.7,78.1,47.0,5.4,15.4,35.2,17.1,22.9,74.5,10.1,30.1,40.2,21.9,12.7,7.7,4.8,3.9,20.2,20.5,3.6,Home
Boston Celtics,2010-11,41.0,33.0,8.0,0.805,48.2,99.5,38.0,75.6,50.3,5.3,14.2,37.0,18.2,24.0,76.0,8.0,30.0,38.0,24.5,14.8,8.0,4.4,3.9,20.3,20.7,8.2,Home
Charlotte Bobcats,2010-11,41.0,21.0,20.0,0.512,48.2,95.9,36.0,78.4,46.0,5.2,14.5,36.1,18.6,25.1,74.3,10.3,29.9,40.2,22.7,13.6,6.0,6.4,6.3,19.5,21.5,-0.6,Home
Utah Jazz,2010-11,41.0,21.0,20.0,0.512,48.7,101.0,38.1,80.9,47.1,5.1,15.2,33.8,19.7,25.2,78.0,10.7,29.1,39.8,23.1,13.4,7.8,6.3,4.5,22.2,22.4,0.8,Home
Washington Wizards,2010-11,41.0,20.0,21.0,0.488,48.5,98.3,37.6,84.2,44.6,4.8,14.0,34.4,18.4,24.5,74.9,12.7,30.2,42.9,20.4,14.9,8.4,6.7,4.8,21.5,20.4,-2.0,Home
Toronto Raptors,2010-11,41.0,16.0,25.0,0.39,48.1,100.2,39.0,81.0,48.2,4.0,13.2,30.7,18.1,24.2,74.9,11.2,28.3,39.6,22.9,14.5,7.0,4.6,5.0,21.6,19.6,-2.6,Home
Memphis Grizzlies,2010-11,41.0,30.0,11.0,0.732,48.1,102.9,40.5,82.2,49.2,3.7,11.0,33.4,18.3,24.0,76.4,11.2,29.1,40.3,20.7,13.0,9.9,5.9,5.6,19.7,21.7,7.2,Home
Orlando Magic,2011-12,33.0,21.0,12.0,0.636,48.6,96.6,35.7,79.2,45.0,10.0,26.3,38.1,15.2,22.7,67.1,11.2,32.2,43.4,20.4,14.9,7.0,3.9,3.7,17.2,20.2,3.8,Home
San Antonio Spurs,2011-12,33.0,28.0,5.0,0.848,48.2,105.7,39.8,81.2,49.0,8.9,21.6,41.3,17.2,22.8,75.6,9.7,34.2,44.0,23.8,14.4,7.5,4.7,4.8,17.8,19.8,11.9,Home
New York Knicks,2011-12,33.0,22.0,11.0,0.667,48.5,99.8,36.2,80.2,45.2,8.2,24.3,33.6,19.2,26.1,73.5,11.5,31.5,43.0,19.9,16.4,9.8,4.1,3.8,21.1,22.7,7.2,Home
Portland Trail Blazers,2011-12,33.0,20.0,13.0,0.606,48.2,101.6,37.7,82.5,45.6,8.0,21.6,37.0,18.2,22.6,80.6,11.1,30.2,41.4,21.6,13.9,8.2,5.2,4.5,18.8,20.5,5.6,Home
Oklahoma City Thunder,2011-12,33.0,26.0,7.0,0.788,48.5,106.0,38.6,78.5,49.2,7.8,20.3,38.4,21.0,26.0,80.8,9.9,32.9,42.8,20.3,16.1,7.9,8.6,4.4,19.8,19.8,9.7,Home
Golden State Warriors,2011-12,33.0,12.0,21.0,0.364,48.2,98.9,38.2,82.5,46.3,7.8,20.7,37.5,14.7,18.8,78.3,9.9,29.8,39.8,23.4,14.2,8.2,4.8,4.4,21.1,16.9,-2.2,Home
Los Angeles Clippers,2011-12,33.0,24.0,9.0,0.727,48.5,99.1,37.6,80.5,46.7,7.6,21.3,35.6,16.4,24.7,66.4,11.5,29.2,40.7,23.1,13.5,8.8,5.2,4.0,21.0,22.5,5.2,Home
Atlanta Hawks,2011-12,33.0,23.0,10.0,0.697,49.2,99.1,37.1,81.5,45.5,7.3,19.7,37.2,17.5,23.0,76.1,10.2,32.1,42.4,23.3,13.6,7.7,4.8,4.6,17.8,20.2,4.9,Home
Dallas Mavericks,2011-12,33.0,23.0,10.0,0.697,48.6,97.4,36.6,82.7,44.3,7.3,22.0,33.0,16.9,21.9,76.9,11.1,33.7,44.8,20.7,13.6,8.7,5.0,4.0,18.3,19.5,4.5,Home
Houston Rockets,2011-12,33.0,22.0,11.0,0.667,48.9,100.0,38.2,84.8,45.1,7.2,20.4,35.6,16.3,20.5,79.4,12.7,31.2,43.9,21.0,14.2,7.4,5.8,5.9,19.8,18.5,4.8,Home
New Jersey Nets,2011-12,33.0,9.0,24.0,0.273,48.2,94.2,34.8,81.3,42.8,7.1,22.1,32.3,17.4,22.0,79.1,12.8,27.6,40.5,19.8,14.9,7.1,4.1,4.8,18.5,19.2,-6.5,Home
Phoenix Suns,2011-12,33.0,19.0,14.0,0.576,48.0,100.6,38.6,82.2,47.0,7.0,19.2,36.7,16.3,21.5,76.1,10.8,31.2,42.0,22.7,13.2,6.0,5.5,3.6,17.8,19.4,2.8,Home
Minnesota Timberwolves,2011-12,33.0,13.0,20.0,0.394,48.0,95.8,35.0,82.3,42.5,7.0,21.5,32.6,18.8,24.8,75.9,12.6,31.5,44.1,19.0,15.5,6.5,4.1,5.4,17.7,21.6,-2.3,Home
Cleveland Cavaliers,2011-12,33.0,11.0,22.0,0.333,48.3,92.7,34.4,81.4,42.3,6.9,19.4,35.7,17.0,23.9,71.0,13.0,29.1,42.1,21.2,14.7,6.6,4.4,6.3,19.1,20.8,-6.9,Home
Milwaukee Bucks,2011-12,33.0,17.0,16.0,0.515,48.0,100.5,38.8,86.2,45.1,6.9,18.9,36.5,15.8,20.4,77.8,12.6,29.4,42.1,24.7,13.7,8.4,5.9,4.2,17.8,19.2,0.5,Home
Sacramento Kings,2011-12,33.0,16.0,17.0,0.485,48.2,101.5,38.5,86.0,44.8,6.7,20.1,33.2,17.8,24.5,72.3,14.3,28.8,43.2,19.7,14.5,8.2,4.9,5.9,18.6,20.7,-2.4,Home
Denver Nuggets,2011-12,33.0,20.0,13.0,0.606,48.5,103.1,38.3,80.0,47.9,6.5,19.9,32.8,19.9,27.1,73.5,10.4,33.2,43.6,25.2,16.2,7.9,5.6,6.3,19.5,22.4,3.8,Home
Chicago Bulls,2011-12,33.0,26.0,7.0,0.788,48.3,95.9,37.1,83.4,44.4,6.1,17.2,35.3,15.8,22.1,71.4,15.1,32.8,47.8,23.6,13.0,6.7,6.8,5.6,17.1,17.9,8.1,Home
Los Angeles Lakers,2011-12,33.0,26.0,7.0,0.788,48.5,98.8,37.2,79.6,46.8,5.7,16.4,34.5,18.6,24.7,75.4,12.0,34.9,46.9,24.3,16.1,6.5,5.7,4.2,16.7,20.8,6.0,Home
Indiana Pacers,2011-12,33.0,23.0,10.0,0.697,48.5,99.7,36.6,82.4,44.4,5.6,16.0,34.9,20.9,26.7,78.5,12.8,32.1,44.9,18.5,13.8,8.0,6.0,6.6,21.9,22.3,6.3,Home
Miami Heat,2011-12,33.0,28.0,5.0,0.848,48.2,100.4,37.5,78.7,47.7,5.6,15.5,36.0,19.8,25.0,79.2,10.7,31.5,42.2,19.9,14.6,8.9,5.3,3.9,18.5,21.0,10.9,Home
Philadelphia 76ers,2011-12,33.0,19.0,14.0,0.576,48.3,92.9,37.2,83.6,44.5,5.4,14.9,36.3,13.0,17.9,72.8,10.9,33.8,44.7,22.8,10.4,7.6,5.0,4.2,16.7,16.5,7.1,Home
Toronto Raptors,2011-12,33.0,13.0,20.0,0.394,48.0,92.6,35.3,79.0,44.7,5.4,16.1,33.8,16.5,21.4,77.1,10.9,31.7,42.6,22.2,14.2,6.9,4.9,4.5,22.6,17.8,-0.6,Home
Boston Celtics,2011-12,33.0,24.0,9.0,0.727,48.6,92.2,35.9,78.1,46.0,5.4,15.0,35.8,15.0,19.3,77.4,7.7,32.7,40.5,23.8,14.5,7.7,5.2,4.1,19.0,18.0,7.8,Home
Detroit Pistons,2011-12,33.0,18.0,15.0,0.545,48.6,92.9,35.4,78.8,44.9,4.9,14.1,35.1,17.2,23.1,74.5,11.5,29.7,41.2,19.3,16.4,7.2,3.9,4.7,19.4,20.0,-0.5,Home
Washington Wizards,2011-12,33.0,11.0,22.0,0.333,48.2,95.2,37.7,83.5,45.2,4.9,16.2,30.2,14.9,21.3,69.7,11.8,30.5,42.3,19.9,15.2,8.4,6.0,4.9,21.4,19.2,-2.4,Home
Utah Jazz,2011-12,33.0,25.0,8.0,0.758,49.4,101.9,38.5,83.1,46.4,4.4,12.9,33.8,20.5,27.2,75.1,12.8,33.1,45.9,21.5,14.5,8.2,6.4,5.5,20.6,21.7,6.0,Home
Memphis Grizzlies,2011-12,33.0,26.0,7.0,0.788,48.6,98.7,37.6,81.8,45.9,4.3,12.6,33.8,19.3,25.3,76.4,12.6,30.9,43.5,19.2,14.4,9.3,6.1,5.4,19.5,20.6,6.5,Home
New Orleans Hornets,2011-12,33.0,11.0,22.0,0.333,48.3,89.3,34.9,77.7,44.9,3.8,12.3,31.1,15.6,20.6,75.9,11.3,30.4,41.7,21.5,15.0,7.2,5.3,5.8,19.5,18.5,-2.8,Home
Charlotte Bobcats,2011-12,33.0,4.0,29.0,0.121,48.2,87.1,32.7,80.3,40.7,3.6,12.7,28.4,18.2,24.4,74.5,10.8,28.1,38.8,20.7,13.7,5.7,6.2,6.0,19.5,21.6,-12.4,Home
Houston Rockets,2013-14,41.0,33.0,8.0,0.805,48.5,109.2,38.1,79.7,47.8,9.8,27.2,35.9,23.3,32.9,70.8,11.4,35.1,46.6,21.5,16.3,7.8,5.9,5.4,19.7,25.3,9.0,Home
Phoenix Suns,2013-14,41.0,26.0,15.0,0.634,48.1,108.1,39.7,83.3,47.7,9.5,24.8,38.5,19.1,25.4,75.4,11.6,31.6,43.2,18.7,15.3,8.6,4.8,3.6,21.9,21.6,5.4,Home
Los Angeles Lakers,2013-14,41.0,14.0,27.0,0.341,48.0,104.0,38.9,84.8,45.9,9.4,25.2,37.5,16.7,22.0,76.1,8.3,32.7,41.0,25.9,15.0,7.5,5.7,3.9,19.7,19.0,-4.1,Home
New York Knicks,2013-14,41.0,19.0,22.0,0.463,48.4,100.0,37.2,81.8,45.5,9.4,25.0,37.7,16.2,21.4,75.8,11.0,29.5,40.6,19.4,14.1,8.2,4.5,3.1,22.1,20.0,0.8,Home
Golden State Warriors,2013-14,41.0,27.0,14.0,0.659,48.2,104.8,39.9,85.8,46.6,9.2,24.4,37.9,15.7,20.0,78.4,11.2,35.2,46.4,24.3,14.9,7.8,4.8,3.7,21.3,19.2,7.5,Home
Portland Trail Blazers,2013-14,41.0,31.0,10.0,0.756,48.4,107.7,39.9,87.0,45.8,9.1,24.9,36.6,18.7,22.8,82.3,12.5,34.4,47.0,23.8,14.2,5.6,4.5,3.1,18.0,21.3,6.3,Home
Toronto Raptors,2013-14,41.0,26.0,15.0,0.634,48.9,103.4,36.7,82.3,44.6,9.1,24.2,37.7,20.9,26.5,79.0,11.7,31.5,43.2,21.8,14.5,7.5,4.0,4.0,22.2,22.8,4.7,Home
Atlanta Hawks,2013-14,41.0,24.0,17.0,0.585,48.4,100.9,36.9,81.3,45.4,9.1,25.3,36.0,18.0,22.9,78.5,8.6,32.1,40.7,25.5,14.8,8.0,3.9,4.0,18.6,20.5,1.8,Home
San Antonio Spurs,2013-14,41.0,32.0,9.0,0.78,48.0,106.3,41.1,82.5,49.8,9.0,21.6,42.0,15.1,19.5,77.8,8.6,34.5,43.1,26.9,14.3,6.9,5.6,4.1,17.0,19.1,8.9,Home
Brooklyn Nets,2013-14,41.0,28.0,13.0,0.683,48.2,100.6,36.4,76.3,47.7,9.0,23.0,39.1,18.8,25.1,75.0,8.3,29.7,37.9,21.6,14.6,8.7,3.7,3.6,22.0,21.4,3.2,Home
Denver Nuggets,2013-14,41.0,22.0,19.0,0.537,48.1,106.0,39.0,87.6,44.6,8.8,24.2,36.4,19.1,26.3,72.5,12.5,34.4,46.9,23.5,15.4,7.3,6.4,5.7,23.2,22.2,0.9,Home
Dallas Mavericks,2013-14,41.0,26.0,15.0,0.634,48.6,107.4,39.8,83.0,48.0,8.8,22.8,38.4,19.0,23.8,80.0,10.3,31.3,41.6,23.3,13.3,8.8,4.2,3.3,20.0,21.3,3.8,Home
Los Angeles Clippers,2013-14,41.0,34.0,7.0,0.829,48.1,110.8,40.0,82.6,48.5,8.2,23.7,34.7,22.5,30.7,73.2,10.7,33.5,44.2,25.9,14.3,9.2,5.3,3.2,21.3,24.2,10.8,Home
Oklahoma City Thunder,2013-14,41.0,34.0,7.0,0.829,48.2,107.7,39.7,82.2,48.3,8.0,21.0,38.1,20.3,25.7,79.3,11.1,34.3,45.4,23.2,15.3,8.5,6.6,3.5,22.0,20.4,9.2,Home
Miami Heat,2013-14,41.0,32.0,9.0,0.78,48.4,104.5,39.4,76.8,51.3,7.9,21.5,36.9,17.8,23.5,75.6,8.2,29.1,37.3,21.9,14.6,8.9,4.4,2.9,18.5,20.4,7.1,Home
Boston Celtics,2013-14,41.0,16.0,25.0,0.39,48.0,96.5,36.8,83.2,44.2,7.2,21.7,33.0,15.8,20.3,77.8,11.9,31.3,43.2,22.0,15.2,6.4,4.1,4.2,20.5,18.9,-2.5,Home
Philadelphia 76ers,2013-14,41.0,10.0,31.0,0.244,48.6,100.3,38.1,86.4,44.2,7.2,22.4,32.0,16.9,24.0,70.1,11.8,31.1,42.9,23.3,17.3,9.1,4.0,6.1,21.6,20.6,-10.0,Home
Cleveland Cavaliers,2013-14,41.0,19.0,22.0,0.463,49.1,98.9,37.3,86.0,43.4,7.1,19.9,35.7,17.1,23.0,74.6,12.9,34.1,47.0,23.5,14.5,6.6,4.4,5.9,20.0,20.2,0.2,Home
Washington Wizards,2013-14,41.0,22.0,19.0,0.537,48.9,100.3,38.6,83.3,46.4,7.1,19.6,36.0,16.0,21.3,75.2,10.2,31.2,41.4,23.4,14.6,8.4,4.7,4.1,19.8,19.8,2.0,Home
Orlando Magic,2013-14,41.0,19.0,22.0,0.463,48.9,100.1,38.2,82.6,46.3,6.9,19.2,35.9,16.7,21.6,77.6,9.6,33.4,43.0,21.8,15.2,7.8,4.6,5.2,20.0,18.2,-1.0,Home
Minnesota Timberwolves,2013-14,41.0,24.0,17.0,0.585,48.4,108.0,39.4,87.6,44.9,6.9,20.5,33.6,22.4,28.6,78.3,12.4,33.0,45.4,24.1,13.9,8.7,3.7,5.2,19.2,24.2,6.2,Home
Milwaukee Bucks,2013-14,41.0,10.0,31.0,0.244,48.4,94.4,35.6,81.9,43.5,6.6,18.8,35.1,16.5,22.1,74.8,12.3,29.5,41.8,21.5,15.1,6.2,4.6,4.4,20.7,20.2,-7.1,Home
Utah Jazz,2013-14,41.0,16.0,25.0,0.39,48.2,96.8,36.6,80.3,45.5,6.5,18.8,34.5,17.2,22.6,76.0,10.3,31.3,41.7,19.2,13.9,6.4,4.3,4.0,20.3,20.2,-3.7,Home
Sacramento Kings,2013-14,41.0,17.0,24.0,0.415,48.5,102.1,37.2,81.9,45.5,6.3,18.8,33.6,21.4,27.8,76.9,11.8,33.0,44.8,19.1,15.5,6.9,3.9,5.2,23.1,23.5,-0.5,Home
Indiana Pacers,2013-14,41.0,35.0,6.0,0.854,48.1,98.5,36.8,79.9,46.1,6.2,18.1,34.3,18.7,23.7,78.9,10.6,35.6,46.2,21.0,15.1,6.6,6.3,5.5,19.8,22.2,10.5,Home
New Orleans Pelicans,2013-14,41.0,22.0,19.0,0.537,48.5,101.2,38.2,82.3,46.4,6.0,15.8,38.3,18.7,24.1,77.5,11.8,31.6,43.4,21.7,13.2,7.6,8.0,6.4,21.9,20.2,1.2,Home
Charlotte Bobcats,2013-14,41.0,25.0,16.0,0.61,48.5,96.5,36.1,81.8,44.1,6.0,17.5,34.2,18.3,24.6,74.4,9.8,33.2,43.0,22.3,12.0,5.5,5.9,5.0,18.0,21.7,2.2,Home
Chicago Bulls,2013-14,41.0,27.0,14.0,0.659,48.6,94.5,35.3,81.7,43.2,5.9,17.2,34.2,17.9,22.9,78.2,11.9,33.5,45.4,24.0,13.8,7.1,5.7,6.4,19.1,21.2,4.9,Home
Detroit Pistons,2013-14,41.0,17.0,24.0,0.415,48.2,101.1,38.9,86.0,45.2,5.8,18.9,30.5,17.6,26.2,67.2,14.0,31.3,45.2,22.1,14.3,8.0,5.1,4.4,20.8,20.8,-2.5,Home
Memphis Grizzlies,2013-14,41.0,27.0,14.0,0.659,48.4,98.7,38.5,81.7,47.2,5.4,14.7,36.6,16.2,21.6,75.1,11.3,30.7,42.0,21.6,14.0,7.6,5.1,5.0,19.7,19.6,2.7,Home
Houston Rockets,2014-15,41.0,30.0,11.0,0.732,48.1,103.6,36.6,82.9,44.1,11.7,33.0,35.4,18.6,26.2,71.0,11.5,32.3,43.8,22.3,16.8,10.1,5.5,5.3,21.2,21.0,5.6,Home
Golden State Warriors,2014-15,41.0,39.0,2.0,0.951,48.1,113.3,43.0,86.6,49.6,11.4,27.5,41.5,16.0,20.7,77.2,10.0,34.2,44.2,29.4,14.3,9.7,5.9,3.3,18.9,18.3,14.6,Home
Cleveland Cavaliers,2014-15,41.0,31.0,10.0,0.756,48.1,103.4,38.0,81.2,46.8,10.3,26.5,38.9,17.1,22.9,74.6,11.0,32.5,43.5,24.2,14.3,7.0,4.4,4.4,17.5,20.5,7.4,Home
Atlanta Hawks,2014-15,41.0,35.0,6.0,0.854,48.0,103.5,38.5,80.9,47.6,10.2,26.7,38.2,16.4,20.9,78.5,8.8,32.2,41.0,27.0,14.2,9.1,4.3,4.6,17.0,19.6,8.5,Home
Portland Trail Blazers,2014-15,41.0,32.0,9.0,0.78,48.1,104.1,38.8,86.1,45.1,10.1,27.5,36.8,16.4,20.5,80.0,11.5,35.8,47.3,22.8,13.5,6.8,4.7,3.6,17.4,18.9,8.3,Home
Los Angeles Clippers,2014-15,41.0,30.0,11.0,0.732,48.2,106.0,38.7,82.5,47.0,9.8,26.4,37.2,18.7,26.3,71.1,9.3,34.3,43.6,26.1,12.9,7.7,5.9,3.0,20.7,21.9,8.0,Home
Detroit Pistons,2014-15,41.0,18.0,23.0,0.439,48.4,101.2,37.6,85.4,44.0,9.2,25.6,36.1,16.8,23.9,70.2,12.4,31.6,44.0,23.2,12.6,7.3,4.4,4.4,18.9,19.9,0.3,Home
San Antonio Spurs,2014-15,41.0,33.0,8.0,0.805,49.1,107.4,40.7,83.3,48.9,9.2,23.4,39.1,16.9,22.1,76.2,9.7,34.5,44.2,25.9,14.2,8.4,5.7,3.9,17.9,20.1,9.6,Home
Toronto Raptors,2014-15,41.0,27.0,14.0,0.659,48.2,102.7,37.4,81.3,46.0,9.0,25.0,36.1,18.9,24.0,78.8,10.1,32.0,42.0,21.6,13.5,7.2,4.4,4.5,19.9,20.1,4.3,Home
Phoenix Suns,2014-15,41.0,22.0,19.0,0.537,48.4,102.7,38.7,84.4,45.9,8.9,25.1,35.3,16.3,21.7,75.3,10.7,32.3,43.0,19.9,15.6,8.6,4.8,3.6,21.2,20.5,1.0,Home
Dallas Mavericks,2014-15,41.0,27.0,14.0,0.659,48.2,106.6,39.8,84.3,47.2,8.6,24.9,34.6,18.4,24.4,75.2,10.5,31.8,42.2,21.8,13.4,8.3,4.7,3.7,19.9,23.4,4.2,Home
Philadelphia 76ers,2014-15,41.0,12.0,29.0,0.293,48.4,95.2,34.8,83.0,41.9,8.5,26.4,32.1,17.2,24.6,70.2,11.9,31.6,43.5,22.8,17.6,9.8,6.2,4.7,22.0,20.2,-5.0,Home
Denver Nuggets,2014-15,41.0,19.0,22.0,0.463,48.5,104.2,38.0,87.0,43.7,8.4,24.9,33.9,19.7,26.5,74.5,12.8,33.0,45.8,22.3,14.4,7.5,4.3,5.8,23.1,22.3,0.3,Home
Boston Celtics,2014-15,41.0,21.0,20.0,0.512,48.2,101.4,39.1,88.5,44.2,8.2,24.6,33.3,15.0,19.7,76.3,11.1,33.3,44.4,24.8,13.1,7.7,3.7,5.4,21.4,18.5,1.6,Home
Oklahoma City Thunder,2014-15,41.0,29.0,12.0,0.707,48.5,106.9,39.8,87.5,45.5,7.9,22.8,34.5,19.4,24.7,78.4,13.5,35.1,48.6,21.2,14.8,7.8,5.9,4.3,22.3,20.7,7.0,Home
Chicago Bulls,2014-15,41.0,27.0,14.0,0.659,48.5,101.9,37.2,84.5,44.0,7.6,22.0,34.6,19.9,25.3,78.9,13.0,33.5,46.4,22.5,13.3,6.2,6.8,6.1,18.0,21.3,4.3,Home
Utah Jazz,2014-15,41.0,21.0,20.0,0.512,48.1,96.3,36.0,80.1,45.0,7.6,22.4,33.7,16.6,23.4,71.0,12.6,32.1,44.7,18.8,14.4,7.4,6.3,4.5,19.8,19.9,2.9,Home
Indiana Pacers,2014-15,41.0,23.0,18.0,0.561,48.5,98.4,37.3,83.5,44.6,7.5,20.9,36.1,16.4,22.4,73.0,10.9,35.0,45.9,21.4,13.6,6.1,5.1,4.8,19.9,21.5,2.7,Home
New Orleans Pelicans,2014-15,41.0,28.0,13.0,0.683,48.4,101.7,38.9,83.2,46.7,7.1,18.8,37.8,16.8,22.5,74.7,11.9,32.7,44.5,23.4,13.3,7.0,7.8,5.5,17.8,19.3,4.1,Home
Miami Heat,2014-15,41.0,20.0,21.0,0.488,48.1,96.8,35.6,76.8,46.4,6.9,19.6,35.0,18.8,25.0,75.1,9.1,30.5,39.6,19.0,14.9,7.9,4.4,4.0,20.4,21.6,-1.0,Home
Milwaukee Bucks,2014-15,41.0,23.0,18.0,0.561,48.1,97.8,37.5,81.1,46.3,6.8,17.9,37.8,16.0,20.7,77.3,11.4,31.5,42.9,24.5,17.0,9.4,5.1,4.4,21.3,19.4,1.6,Home
Brooklyn Nets,2014-15,41.0,19.0,22.0,0.463,49.2,99.0,37.6,83.9,44.9,6.8,20.3,33.3,17.0,23.0,74.0,10.4,32.5,42.9,21.2,13.2,7.0,3.5,3.9,19.1,20.9,-2.3,Home
Orlando Magic,2014-15,41.0,13.0,28.0,0.317,48.4,97.1,37.8,83.2,45.4,6.7,19.5,34.6,14.7,19.8,74.3,10.4,32.2,42.7,21.1,15.1,7.8,3.7,4.9,20.9,18.2,-5.2,Home
New York Knicks,2014-15,41.0,10.0,31.0,0.244,48.4,91.5,35.3,82.5,42.8,6.6,20.3,32.7,14.1,18.5,76.6,10.9,29.7,40.6,19.9,15.1,7.5,4.1,3.5,21.1,18.9,-8.1,Home
Washington Wizards,2014-15,41.0,29.0,12.0,0.707,48.9,102.3,39.3,83.3,47.2,6.5,16.9,38.4,17.2,22.7,75.6,10.6,35.1,45.8,25.1,15.4,8.4,5.3,4.4,21.0,20.6,6.0,Home
Charlotte Hornets,2014-15,41.0,19.0,22.0,0.463,48.6,95.0,35.8,85.4,41.9,6.2,19.6,31.9,17.2,23.4,73.5,10.1,34.5,44.6,21.0,11.3,5.4,6.5,5.6,18.6,21.5,-1.6,Home
Los Angeles Lakers,2014-15,41.0,12.0,29.0,0.293,48.6,98.6,37.3,84.9,43.9,6.0,18.8,31.9,17.9,24.9,72.0,11.2,33.1,44.3,21.6,13.0,6.5,4.7,4.8,21.7,20.4,-5.2,Home
Sacramento Kings,2014-15,41.0,18.0,23.0,0.439,48.5,101.4,37.3,81.3,45.9,5.3,16.2,32.8,21.5,28.2,76.1,10.8,33.5,44.3,20.3,16.0,6.5,3.8,5.8,20.7,24.0,-1.0,Home
Memphis Grizzlies,2014-15,41.0,31.0,10.0,0.756,48.6,99.5,38.1,83.4,45.7,5.2,15.1,34.5,18.0,22.7,79.1,10.9,33.3,44.2,21.0,12.9,7.9,4.7,5.1,18.6,20.7,6.3,Home
Minnesota Timberwolves,2014-15,41.0,9.0,32.0,0.22,48.2,97.0,36.3,83.2,43.7,4.7,14.6,32.3,19.7,25.4,77.4,11.7,29.5,41.2,21.4,14.3,8.2,4.2,5.4,18.7,21.4,-7.1,Home
Houston Rockets,2016-17,41.0,30.0,11.0,0.732,48.1,117.2,40.7,88.0,46.3,14.8,41.5,35.6,21.0,27.8,75.5,11.3,33.9,45.2,26.2,14.1,8.4,4.4,5.0,18.9,20.8,8.9,Home
Cleveland Cavaliers,2016-17,41.0,31.0,10.0,0.756,48.5,112.7,41.1,85.4,48.2,13.1,33.7,38.9,17.4,23.8,73.1,9.7,35.4,45.0,24.6,13.0,6.9,4.5,3.8,17.2,21.0,8.2,Home
Golden State Warriors,2016-17,41.0,36.0,5.0,0.878,48.4,118.8,44.7,87.4,51.1,12.8,31.0,41.2,16.8,21.7,77.2,9.5,36.4,45.9,32.0,14.7,9.1,7.7,3.4,18.2,19.2,16.0,Home
Boston Celtics,2016-17,41.0,30.0,11.0,0.732,48.1,109.5,39.1,85.7,45.6,12.6,33.5,37.7,18.7,23.1,81.2,9.8,33.4,43.2,26.8,14.0,7.6,4.6,5.5,19.5,20.3,4.1,Home
Portland Trail Blazers,2016-17,41.0,25.0,16.0,0.61,48.7,109.9,40.6,86.7,46.9,11.1,28.6,38.7,17.6,23.1,76.0,10.2,33.7,43.9,22.1,13.5,7.0,4.8,5.1,20.2,19.9,3.0,Home
Denver Nuggets,2016-17,41.0,22.0,19.0,0.537,48.4,113.9,42.1,87.4,48.2,11.0,28.5,38.5,18.7,24.4,76.4,11.2,34.7,45.9,27.9,14.6,7.0,3.8,4.2,18.8,20.2,3.2,Home
Brooklyn Nets,2016-17,41.0,13.0,28.0,0.317,48.4,104.4,37.4,85.8,43.6,10.6,31.9,33.2,19.0,24.1,78.6,9.6,35.5,45.0,21.1,16.8,7.1,4.9,5.4,20.9,20.7,-5.5,Home
Dallas Mavericks,2016-17,41.0,21.0,20.0,0.512,48.4,99.4,36.3,81.9,44.3,10.5,29.3,35.9,16.3,19.8,82.2,8.1,32.4,40.5,20.8,12.1,7.6,3.8,3.3,18.3,20.1,1.5,Home
Miami Heat,2016-17,41.0,23.0,18.0,0.561,48.5,106.5,40.0,85.1,47.0,10.5,27.6,38.1,15.9,23.0,69.1,9.9,33.8,43.6,21.1,13.8,7.0,5.7,4.1,20.5,19.3,4.0,Home
Philadelphia 76ers,2016-17,41.0,17.0,24.0,0.415,48.4,102.4,37.3,84.4,44.2,10.4,30.2,34.5,17.4,22.4,77.8,9.6,33.7,43.3,24.8,16.5,7.9,5.5,4.9,21.6,20.4,-3.6,Home
Utah Jazz,2016-17,41.0,29.0,12.0,0.707,48.0,101.1,36.6,78.1,46.8,10.2,26.4,38.6,17.7,23.8,74.3,8.9,34.3,43.2,19.8,13.5,6.8,4.8,3.6,18.4,20.9,6.3,Home
Charlotte Hornets,2016-17,41.0,22.0,19.0,0.537,48.2,106.6,38.1,85.0,44.9,10.0,28.5,35.0,20.3,25.5,79.6,9.0,35.0,43.9,24.1,10.6,6.8,5.3,5.5,15.8,20.5,3.2,Home
LA Clippers,2016-17,41.0,29.0,12.0,0.707,48.1,109.6,39.9,82.4,48.4,9.9,26.9,36.9,19.9,26.5,75.2,8.9,34.5,43.4,23.4,13.0,8.2,4.5,2.7,19.6,22.8,8.9,Home
Washington Wizards,2016-17,41.0,30.0,11.0,0.732,48.2,110.4,41.5,86.0,48.2,9.8,24.2,40.6,17.7,22.0,80.1,10.5,32.2,42.7,24.8,14.7,8.6,4.3,4.2,21.1,20.4,4.9,Home
New Orleans Pelicans,2016-17,41.0,21.0,20.0,0.512,48.6,107.6,40.0,88.0,45.5,9.8,28.2,34.8,17.7,23.1,76.8,8.7,36.5,45.2,23.7,12.2,8.0,6.0,4.4,18.2,19.6,0.6,Home
San Antonio Spurs,2016-17,41.0,31.0,10.0,0.756,48.2,105.6,39.3,83.1,47.3,9.5,23.7,40.3,17.5,22.1,78.9,9.3,34.3,43.6,25.5,13.5,8.1,6.0,4.2,17.7,19.8,8.2,Home
Sacramento Kings,2016-17,41.0,17.0,24.0,0.415,48.4,105.0,38.2,81.3,47.0,9.5,24.5,38.7,19.1,24.0,79.8,8.0,32.4,40.4,22.6,14.9,7.7,3.7,4.7,20.1,20.1,-1.9,Home
Los Angeles Lakers,2016-17,41.0,17.0,24.0,0.415,48.1,107.6,40.5,87.2,46.4,9.3,25.6,36.4,17.3,23.0,75.3,11.5,32.5,44.0,22.0,14.5,8.2,3.7,5.3,19.9,18.5,-1.6,Home
Toronto Raptors,2016-17,41.0,28.0,13.0,0.683,48.2,110.9,40.2,84.7,47.5,9.2,23.6,39.1,21.2,26.4,80.5,11.4,33.0,44.3,19.2,13.0,8.0,5.5,4.3,20.7,21.0,7.7,Home
Memphis Grizzlies,2016-17,40.0,23.0,17.0,0.575,48.4,99.5,35.7,83.2,42.9,9.0,25.5,35.4,19.1,24.2,79.0,11.4,32.4,43.8,21.4,13.5,7.9,5.1,5.5,22.3,21.4,2.1,Home
Atlanta Hawks,2016-17,41.0,23.0,18.0,0.561,48.9,105.9,39.0,85.4,45.7,8.9,25.9,34.2,19.0,26.2,72.6,11.0,33.2,44.2,24.7,15.6,8.5,4.8,5.6,18.5,22.5,0.1,Home
Indiana Pacers,2016-17,41.0,29.0,12.0,0.707,48.4,106.9,40.3,85.2,47.3,8.8,23.0,38.1,17.5,21.6,81.0,8.7,33.8,42.4,21.7,12.8,8.0,5.8,5.5,18.8,19.6,5.2,Home
New York Knicks,2016-17,41.0,19.0,22.0,0.463,48.1,104.9,40.2,87.1,46.2,8.8,24.6,35.7,15.7,20.1,77.8,11.8,33.0,44.8,21.6,14.0,7.2,5.5,4.2,19.6,18.3,-1.6,Home
Milwaukee Bucks,2016-17,41.0,23.0,18.0,0.561,48.4,106.0,39.3,82.1,47.9,8.7,23.2,37.4,18.7,23.9,78.4,8.5,31.2,39.7,24.4,13.8,8.7,5.0,4.5,20.3,20.6,2.5,Home
Oklahoma City Thunder,2016-17,41.0,28.0,13.0,0.683,48.4,109.5,40.9,87.2,46.9,8.7,25.4,34.1,19.1,25.8,74.0,11.6,35.2,46.8,21.7,15.1,8.0,4.9,4.5,20.0,20.9,6.0,Home
Orlando Magic,2016-17,41.0,16.0,25.0,0.39,48.2,100.2,37.6,86.5,43.5,8.4,25.4,32.9,16.6,22.4,74.3,10.4,33.9,44.3,21.6,12.8,6.9,5.2,4.7,19.1,19.0,-3.6,Home
Detroit Pistons,2016-17,41.0,24.0,17.0,0.585,48.2,103.0,40.5,89.1,45.4,8.1,23.1,35.1,13.9,19.7,70.5,11.1,36.1,47.2,22.9,12.0,7.3,3.7,4.3,17.9,18.0,4.0,Home
Minnesota Timberwolves,2016-17,41.0,20.0,21.0,0.488,48.2,106.6,39.4,83.2,47.4,7.9,21.5,36.6,19.8,25.0,79.3,11.2,31.6,42.8,24.5,14.4,8.1,4.4,4.1,20.5,21.5,2.9,Home
Phoenix Suns,2016-17,41.0,15.0,26.0,0.366,48.4,109.7,40.5,88.7,45.6,7.8,23.1,33.8,20.9,26.4,79.0,12.4,34.3,46.7,20.0,15.5,7.8,5.5,5.1,24.4,22.7,-2.2,Home
Chicago Bulls,2016-17,41.0,25.0,16.0,0.61,48.2,103.7,38.6,88.0,43.9,7.4,21.4,34.8,19.1,23.6,80.9,13.0,34.1,47.0,23.7,12.9,8.3,5.0,4.6,17.4,19.2,3.0,Home
Houston Rockets,2018-19,41.0,31.0,10.0,0.756,48.2,116.8,39.5,87.5,45.1,16.8,46.4,36.2,21.0,26.5,79.1,10.2,32.5,42.7,21.6,13.3,8.6,4.9,4.3,21.5,21.0,7.1,Home
Milwaukee Bucks,2018-19,41.0,33.0,8.0,0.805,48.0,119.9,44.0,90.9,48.4,14.0,38.8,36.0,17.9,23.2,77.4,9.1,41.0,50.1,26.0,14.0,7.6,5.8,4.3,19.1,20.6,12.1,Home
Atlanta Hawks,2018-19,41.0,17.0,24.0,0.415,48.7,115.8,42.2,92.9,45.4,13.2,37.8,34.9,18.2,23.9,76.5,11.3,36.0,47.3,26.8,16.1,7.2,5.7,5.3,24.1,22.2,-4.0,Home
Golden State Warriors,2018-19,41.0,30.0,11.0,0.732,48.2,118.1,44.2,89.9,49.2,13.2,34.9,37.8,16.5,20.6,79.9,9.8,36.3,46.1,30.7,14.6,7.8,6.9,3.5,21.6,19.6,6.6,Home
Utah Jazz,2018-19,41.0,29.0,12.0,0.707,48.0,112.6,40.4,86.6,46.6,12.9,35.4,36.3,19.0,25.8,73.6,10.5,37.5,48.0,26.5,14.9,7.8,6.0,4.4,20.9,22.8,7.9,Home
Brooklyn Nets,2018-19,41.0,23.0,18.0,0.561,48.7,113.8,41.1,90.0,45.6,12.8,36.0,35.5,18.9,25.2,75.0,11.1,36.7,47.8,24.1,15.3,6.5,3.9,5.4,22.0,22.1,2.5,Home
Boston Celtics,2018-19,41.0,28.0,13.0,0.683,48.2,114.1,43.0,90.9,47.2,12.7,34.7,36.4,15.5,19.3,80.5,10.3,35.8,46.1,27.4,13.5,8.9,5.4,4.1,19.9,19.4,6.8,Home
Dallas Mavericks,2018-19,41.0,24.0,17.0,0.585,48.1,110.3,38.9,86.0,45.2,12.5,36.5,34.2,20.0,27.0,74.2,10.9,34.9,45.8,23.7,14.5,6.9,4.5,4.1,19.9,24.0,2.3,Home
Toronto Raptors,2018-19,41.0,32.0,9.0,0.78,48.2,115.1,42.8,89.5,47.8,12.2,33.1,36.7,17.3,21.7,80.0,9.5,35.2,44.8,25.8,13.7,8.7,5.9,4.7,20.6,20.5,7.6,Home
Charlotte Hornets,2018-19,41.0,25.0,16.0,0.61,48.4,113.1,40.9,89.0,46.0,12.0,33.1,36.1,19.3,24.0,80.6,9.6,35.1,44.7,23.8,12.4,7.0,5.3,5.9,19.5,21.0,3.7,Home
Portland Trail Blazers,2018-19,41.0,32.0,9.0,0.78,48.6,118.2,43.5,90.9,47.9,11.9,32.3,36.9,19.2,23.9,80.5,12.0,37.0,49.0,23.8,13.4,6.6,5.0,5.0,19.8,20.9,8.4,Home
Detroit Pistons,2018-19,41.0,26.0,15.0,0.634,48.6,108.7,39.7,88.5,44.9,11.6,33.4,34.7,17.7,23.9,74.0,12.0,34.3,46.2,23.4,13.9,6.6,4.1,5.6,21.4,22.0,2.6,Home
Oklahoma City Thunder,2018-19,41.0,27.0,14.0,0.659,48.5,114.5,42.4,93.8,45.2,11.6,32.4,35.7,18.1,25.4,71.1,12.3,35.1,47.4,24.1,13.9,9.4,5.1,5.1,21.8,22.7,4.9,Home
Sacramento Kings,2018-19,41.0,24.0,17.0,0.585,48.2,114.9,43.4,93.7,46.3,11.5,30.5,37.8,16.7,23.0,72.7,11.5,35.5,47.0,25.4,13.1,8.3,4.6,5.1,20.5,21.0,1.4,Home
Orlando Magic,2018-19,41.0,25.0,16.0,0.61,48.4,109.3,41.2,88.5,46.5,11.3,31.5,35.9,15.7,20.0,78.4,10.1,35.9,46.0,25.1,14.0,6.5,5.6,4.0,18.4,19.2,2.7,Home
Philadelphia 76ers,2018-19,41.0,31.0,10.0,0.756,48.1,118.2,42.3,87.4,48.4,11.3,29.4,38.3,22.3,28.3,79.0,10.2,37.3,47.6,27.9,14.3,7.3,5.5,4.0,21.4,22.6,8.0,Home
Miami Heat,2018-19,41.0,19.0,22.0,0.463,48.0,106.0,39.4,87.8,44.9,11.2,31.8,35.3,16.0,23.1,69.2,11.7,34.9,46.6,23.9,14.2,7.4,5.6,4.9,21.1,20.6,0.2,Home
Washington Wizards,2018-19,41.0,22.0,19.0,0.537,48.9,116.4,43.1,89.9,48.0,11.1,32.0,34.9,19.0,24.9,76.2,10.0,33.2,43.3,26.7,14.0,8.1,5.1,4.4,20.5,21.9,1.8,Home
Denver Nuggets,2018-19,41.0,34.0,7.0,0.829,48.0,114.1,43.2,89.1,48.5,11.0,30.9,35.8,16.6,21.6,76.7,11.6,35.6,47.2,28.2,13.0,7.8,4.2,4.3,20.2,20.9,10.5,Home
Cleveland Cavaliers,2018-19,41.0,13.0,28.0,0.317,48.4,105.2,39.0,87.7,44.5,10.9,30.4,35.9,16.2,20.3,79.8,11.1,32.3,43.4,21.2,14.1,6.7,2.3,5.6,20.5,18.9,-7.3,Home
New York Knicks,2018-19,41.0,9.0,32.0,0.22,48.4,105.9,38.6,87.8,44.0,10.6,30.8,34.4,18.0,23.8,75.8,10.6,34.4,44.9,20.9,14.6,6.3,5.0,5.0,20.9,20.7,-7.9,Home
Minnesota Timberwolves,2018-19,41.0,25.0,16.0,0.61,48.6,114.6,42.2,91.3,46.2,10.4,29.7,35.1,19.9,25.2,78.7,11.0,35.0,46.0,25.4,13.5,8.9,5.3,5.1,20.0,22.4,2.9,Home
LA Clippers,2018-19,41.0,26.0,15.0,0.634,48.6,117.9,42.7,89.9,47.5,10.4,26.9,38.6,22.0,27.7,79.6,10.9,36.1,47.0,25.9,14.3,7.0,4.9,6.1,23.9,23.6,3.3,Home
San Antonio Spurs,2018-19,41.0,32.0,9.0,0.78,48.4,112.8,42.6,87.4,48.7,10.2,24.5,41.9,17.4,21.2,82.0,8.5,36.6,45.1,25.2,12.0,6.1,4.8,4.0,17.5,19.9,6.9,Home
New Orleans Pelicans,2018-19,41.0,19.0,22.0,0.463,48.1,115.1,43.6,92.4,47.2,10.1,30.0,33.7,17.9,23.3,76.7,11.0,35.8,46.8,27.1,15.0,8.0,5.2,5.5,20.8,21.2,-0.9,Home
Phoenix Suns,2018-19,41.0,12.0,29.0,0.293,48.4,107.6,40.3,86.7,46.6,10.1,29.2,34.5,16.8,21.7,77.4,8.9,31.1,40.0,24.5,15.1,9.2,5.3,4.9,23.2,20.1,-6.3,Home
Indiana Pacers,2018-19,41.0,29.0,12.0,0.707,48.0,108.7,41.9,87.6,47.8,9.9,26.0,38.1,15.0,20.0,75.0,9.2,35.4,44.6,26.7,13.4,8.5,5.4,5.0,18.8,19.3,7.6,Home
Los Angeles Lakers,2018-19,41.0,22.0,19.0,0.537,48.1,111.0,42.3,89.8,47.2,9.9,30.5,32.4,16.4,23.7,69.2,10.4,36.7,47.1,26.0,16.0,6.9,5.8,4.8,20.2,21.3,-0.2,Home
Memphis Grizzlies,2018-19,41.0,21.0,20.0,0.512,48.4,104.6,38.4,85.3,45.0,9.5,29.0,32.8,18.3,23.8,76.8,9.6,33.4,42.9,23.7,13.6,8.5,5.4,4.9,21.5,22.0,0.4,Home
Chicago Bulls,2018-19,41.0,9.0,32.0,0.22,48.4,103.6,39.6,88.2,44.9,8.8,25.6,34.2,15.7,20.1,77.9,9.2,33.5,42.8,22.6,13.5,7.0,3.8,5.7,19.7,18.2,-9.8,Home
New York Knicks,2012-13,41.0,31.0,10.0,0.756,48.0,102.7,37.2,81.3,45.8,11.5,29.5,39.1,16.7,21.9,76.2,11.0,29.7,40.8,19.8,11.9,8.7,3.0,3.2,19.5,19.6,8.7,Home
Houston Rockets,2012-13,41.0,29.0,12.0,0.707,48.2,108.3,38.9,83.0,46.8,10.5,28.2,37.1,20.1,26.4,76.2,11.0,33.4,44.4,23.8,16.1,8.3,4.8,6.4,19.1,20.5,7.3,Home
Atlanta Hawks,2012-13,41.0,25.0,16.0,0.61,48.6,99.4,38.0,81.1,46.9,8.8,23.6,37.2,14.5,20.9,69.5,9.6,31.9,41.4,25.1,14.7,8.0,4.3,4.0,17.8,19.5,1.1,Home
Miami Heat,2012-13,41.0,37.0,4.0,0.902,48.6,106.4,39.3,77.3,50.8,8.7,21.4,40.9,19.0,24.6,77.4,7.7,31.0,38.6,23.4,13.2,9.0,5.5,2.5,18.5,21.3,10.7,Home
Los Angeles Lakers,2012-13,41.0,29.0,12.0,0.707,48.2,102.6,37.8,81.0,46.7,8.7,24.3,35.7,18.2,27.4,66.5,12.2,34.5,46.7,24.3,15.0,6.6,5.5,4.9,17.3,23.0,5.2,Home
Los Angeles Clippers,2012-13,41.0,32.0,9.0,0.78,48.0,104.1,40.0,81.1,49.3,8.2,22.1,37.2,16.0,22.0,72.8,11.2,30.4,41.6,26.2,14.6,10.0,6.2,4.2,21.0,20.1,10.8,Home
Golden State Warriors,2012-13,41.0,28.0,13.0,0.683,48.5,101.8,38.3,82.3,46.6,8.0,19.6,40.6,17.2,22.0,78.0,10.1,35.8,45.9,23.8,15.4,6.7,4.4,3.9,20.9,19.6,4.1,Home
San Antonio Spurs,2012-13,41.0,35.0,6.0,0.854,48.4,104.6,40.2,80.9,49.7,7.9,20.5,38.5,16.3,20.5,79.5,8.2,34.0,42.2,26.4,15.0,8.4,5.5,4.1,17.1,19.4,10.3,Home
Sacramento Kings,2012-13,41.0,20.0,21.0,0.488,48.1,104.6,38.8,83.4,46.5,7.8,20.7,37.5,19.3,24.7,78.1,11.4,30.1,41.5,21.1,14.4,7.8,4.0,5.6,21.4,20.9,-0.2,Home
Brooklyn Nets,2012-13,41.0,26.0,15.0,0.634,48.5,97.6,36.1,80.1,45.1,7.7,21.4,36.1,17.7,24.5,72.2,13.5,29.7,43.2,19.7,14.8,7.1,4.5,4.9,18.1,21.8,2.6,Home
Portland Trail Blazers,2012-13,41.0,22.0,19.0,0.537,48.2,99.2,37.1,81.9,45.3,7.7,22.5,34.2,17.2,22.0,78.4,10.8,30.7,41.5,22.1,14.5,6.6,4.4,3.6,19.0,19.8,0.3,Home
Dallas Mavericks,2012-13,41.0,24.0,17.0,0.585,48.6,103.0,39.4,84.3,46.8,7.6,20.1,37.9,16.5,21.2,78.1,9.7,32.3,42.0,23.6,13.0,8.0,5.3,3.5,20.0,18.7,2.4,Home
Oklahoma City Thunder,2012-13,41.0,34.0,7.0,0.829,48.2,108.5,39.3,79.5,49.5,7.6,18.4,41.1,22.2,26.6,83.5,10.2,33.4,43.7,22.5,14.5,8.2,7.7,3.8,20.2,20.3,13.0,Home
Indiana Pacers,2012-13,41.0,30.0,11.0,0.732,48.6,97.6,35.9,82.0,43.8,7.5,20.1,37.1,18.3,24.8,74.0,13.6,33.6,47.2,20.5,14.6,7.5,6.9,6.1,20.1,22.6,7.7,Home
Milwaukee Bucks,2012-13,41.0,21.0,20.0,0.512,48.2,101.3,39.0,88.8,43.9,7.1,19.5,36.5,16.1,21.6,74.7,14.3,30.6,44.9,23.6,13.5,8.4,7.0,4.3,18.8,19.9,0.1,Home
Orlando Magic,2012-13,41.0,12.0,29.0,0.293,48.4,95.1,37.9,83.7,45.3,7.0,19.2,36.2,12.4,16.5,75.1,11.1,31.4,42.5,22.7,15.1,6.5,4.3,4.8,19.5,16.8,-7.0,Home
Toronto Raptors,2012-13,41.0,21.0,20.0,0.512,48.7,96.8,36.2,81.5,44.4,6.9,20.0,34.6,17.4,22.6,77.2,11.2,29.4,40.6,21.9,13.2,8.0,4.6,4.1,21.7,20.4,1.8,Home
Denver Nuggets,2012-13,41.0,38.0,3.0,0.927,48.2,108.4,41.5,85.3,48.6,6.8,18.7,36.3,18.7,26.6,70.3,13.1,32.1,45.3,25.7,14.6,10.0,7.3,7.0,20.2,21.9,10.7,Home
Washington Wizards,2012-13,41.0,22.0,19.0,0.537,48.6,97.9,37.0,81.8,45.2,6.8,17.2,39.2,17.2,23.3,73.9,10.9,32.7,43.6,22.5,14.1,7.6,4.6,4.1,20.2,19.5,2.7,Home
Cleveland Cavaliers,2012-13,41.0,14.0,27.0,0.341,48.2,97.1,36.7,84.2,43.5,6.6,18.9,34.8,17.2,22.8,75.8,12.5,29.4,41.8,22.4,13.9,7.5,4.7,6.9,19.8,19.6,-3.0,Home
New Orleans Hornets,2012-13,41.0,16.0,25.0,0.39,48.1,93.0,36.3,80.8,44.9,6.6,18.1,36.3,13.9,18.7,74.4,13.0,29.6,42.6,22.5,14.1,6.6,5.8,5.8,19.5,18.2,-2.1,Home
Philadelphia 76ers,2012-13,41.0,23.0,18.0,0.561,48.4,94.7,38.3,84.5,45.3,6.5,17.9,36.5,11.6,16.3,71.2,10.8,30.4,41.2,24.5,12.8,7.2,4.9,4.1,18.2,16.3,-1.2,Home
Utah Jazz,2012-13,41.0,30.0,11.0,0.732,48.4,100.3,37.9,80.6,47.0,6.4,16.7,38.4,18.0,23.7,76.2,11.4,31.0,42.5,23.4,14.1,7.9,6.6,5.7,21.5,20.7,5.1,Home
Detroit Pistons,2012-13,41.0,18.0,23.0,0.439,48.1,95.8,36.9,80.3,46.0,6.4,17.6,36.3,15.6,22.4,69.5,11.9,30.6,42.5,21.8,15.1,7.2,5.2,5.4,19.7,19.9,-0.6,Home
Phoenix Suns,2012-13,41.0,17.0,24.0,0.415,48.4,94.6,37.0,84.8,43.6,6.0,18.0,33.3,14.6,20.0,73.1,11.9,30.2,42.0,21.8,15.2,8.8,5.5,5.2,20.2,19.0,-3.2,Home
Boston Celtics,2012-13,40.0,27.0,13.0,0.675,49.4,98.5,37.8,79.3,47.7,6.0,16.7,35.7,16.9,22.2,75.9,7.2,31.8,39.0,23.8,14.9,9.0,5.0,4.3,21.5,20.2,4.6,Home
Charlotte Bobcats,2012-13,41.0,15.0,26.0,0.366,48.2,96.5,35.3,81.1,43.5,5.8,16.5,35.2,20.1,26.2,76.5,11.0,30.3,41.3,21.6,13.9,7.0,6.7,7.0,18.5,21.8,-4.2,Home
Chicago Bulls,2012-13,41.0,24.0,17.0,0.585,48.4,92.9,35.3,81.9,43.2,5.5,14.8,37.2,16.7,21.8,76.8,12.8,31.4,44.2,23.0,14.3,7.2,6.4,6.2,19.1,20.0,2.0,Home
Minnesota Timberwolves,2012-13,41.0,20.0,21.0,0.488,48.1,96.0,35.6,81.2,43.9,5.1,17.1,30.0,19.6,26.7,73.7,11.6,30.7,42.3,21.8,14.4,9.0,5.1,5.5,18.3,23.2,0.8,Home
Memphis Grizzlies,2012-13,41.0,32.0,9.0,0.78,48.4,93.2,36.4,83.2,43.8,4.7,13.4,35.1,15.7,20.2,77.8,14.0,30.1,44.2,20.1,14.0,8.6,5.6,5.7,19.6,20.0,6.3,Home
Golden State Warriors,2015-16,41.0,39.0,2.0,0.951,48.5,116.3,43.1,87.3,49.3,13.0,31.5,41.5,17.1,21.8,78.3,10.5,36.6,47.1,29.7,15.0,8.6,6.0,3.7,20.6,19.5,14.4,Home
Portland Trail Blazers,2015-16,41.0,28.0,13.0,0.683,48.2,108.0,40.0,86.6,46.2,10.9,28.8,37.8,17.2,22.8,75.4,11.9,34.6,46.5,23.1,14.5,7.2,4.7,4.6,20.4,19.2,5.7,Home
Houston Rockets,2015-16,41.0,23.0,18.0,0.561,48.4,106.3,37.9,83.6,45.3,10.7,30.8,34.8,19.9,28.4,69.9,11.0,32.6,43.6,22.8,15.9,9.5,6.1,5.2,21.3,22.3,1.7,Home
Charlotte Hornets,2015-16,41.0,30.0,11.0,0.732,48.5,105.5,37.5,84.2,44.5,10.6,29.2,36.3,19.9,25.1,79.0,8.8,36.5,45.2,23.0,12.4,6.9,6.6,5.9,18.0,21.1,6.4,Home
Cleveland Cavaliers,2015-16,41.0,33.0,8.0,0.805,48.1,106.6,39.7,84.7,46.9,10.6,28.8,36.7,16.7,22.0,75.6,11.1,33.7,44.8,24.8,13.6,7.0,4.2,4.3,20.0,21.0,8.2,Home
Atlanta Hawks,2015-16,41.0,27.0,14.0,0.659,48.5,103.6,39.6,84.8,46.7,10.2,28.8,35.6,14.1,17.9,78.6,7.9,33.8,41.7,27.1,14.8,9.3,6.3,4.7,19.2,17.6,5.9,Home
LA Clippers,2015-16,41.0,29.0,12.0,0.707,48.2,104.8,38.6,82.6,46.7,9.7,26.4,36.8,17.9,25.9,69.2,9.3,34.4,43.7,23.6,13.5,8.4,5.8,3.5,20.9,22.4,6.9,Home
Dallas Mavericks,2015-16,41.0,23.0,18.0,0.561,49.0,104.3,37.8,83.7,45.2,9.7,27.8,34.8,19.0,23.3,81.5,9.7,33.6,43.3,22.1,13.1,7.6,3.3,4.4,19.0,22.2,2.4,Home
New Orleans Pelicans,2015-16,41.0,21.0,20.0,0.512,48.1,105.9,39.5,86.2,45.8,9.5,24.1,39.2,17.4,22.5,77.5,9.9,32.6,42.5,23.7,12.4,8.1,4.6,5.0,20.5,20.1,-0.7,Home
Phoenix Suns,2015-16,41.0,14.0,27.0,0.341,48.0,103.1,38.0,86.3,44.0,9.4,26.2,35.8,17.8,23.8,74.9,12.2,33.9,46.1,20.7,17.0,8.1,3.9,5.6,22.5,22.2,-2.7,Home
Philadelphia 76ers,2015-16,41.0,7.0,34.0,0.171,48.4,98.1,36.5,84.0,43.4,9.4,27.4,34.2,15.8,23.4,67.5,9.9,31.5,41.4,22.4,16.4,8.4,5.8,5.2,21.1,19.5,-9.6,Home
Detroit Pistons,2015-16,41.0,26.0,15.0,0.634,48.4,105.0,38.9,86.6,44.9,9.0,25.5,35.5,18.1,26.0,69.9,12.7,34.9,47.5,20.8,13.5,6.9,3.8,4.0,18.9,21.9,5.0,Home
Utah Jazz,2015-16,41.0,24.0,17.0,0.585,48.7,98.6,35.8,78.7,45.4,8.9,24.9,35.8,18.1,24.7,73.3,10.0,34.2,44.2,17.3,15.0,7.9,5.3,3.6,19.5,20.9,5.5,Home
Toronto Raptors,2015-16,41.0,32.0,9.0,0.78,48.1,105.0,37.2,81.2,45.9,8.8,23.2,38.0,21.6,28.0,77.1,10.2,33.1,43.3,18.9,13.2,7.5,5.1,5.1,19.6,22.5,6.6,Home
Washington Wizards,2015-16,41.0,22.0,19.0,0.537,48.2,106.0,39.9,85.7,46.6,8.8,24.2,36.4,17.4,23.6,73.8,9.0,33.2,42.2,25.2,14.4,9.1,4.0,4.2,20.3,21.0,2.5,Home
Boston Celtics,2015-16,41.0,28.0,13.0,0.683,48.4,106.0,39.4,90.4,43.6,8.4,25.6,32.9,18.9,24.1,78.5,11.6,34.4,46.0,24.7,13.3,8.8,5.1,5.6,21.1,21.5,5.6,Home
Orlando Magic,2015-16,41.0,23.0,18.0,0.561,48.7,104.5,40.2,87.4,46.1,8.2,22.6,36.2,15.9,21.1,75.2,10.8,33.4,44.2,24.7,14.1,8.5,5.4,5.6,20.5,18.8,2.3,Home
Sacramento Kings,2015-16,41.0,18.0,23.0,0.439,48.2,107.6,40.0,85.6,46.7,8.1,22.3,36.5,19.4,26.7,72.8,10.8,33.3,44.1,23.9,16.3,8.5,4.0,4.7,20.0,23.1,-1.1,Home
Indiana Pacers,2015-16,41.0,26.0,15.0,0.634,48.4,102.9,38.7,84.9,45.6,8.0,22.8,34.9,17.5,23.1,75.6,10.3,34.2,44.5,21.0,14.3,9.0,4.7,4.6,18.5,20.2,4.0,Home
Denver Nuggets,2015-16,41.0,18.0,23.0,0.439,48.4,103.7,37.5,84.4,44.4,7.9,23.7,33.5,20.8,26.9,77.3,10.8,33.6,44.4,22.6,14.5,7.2,5.1,6.0,21.8,22.3,-2.3,Home
Oklahoma City Thunder,2015-16,41.0,32.0,9.0,0.78,48.2,109.5,41.3,86.4,47.8,7.9,23.5,33.5,19.1,24.8,77.1,13.0,35.3,48.3,23.5,15.8,8.1,6.3,4.3,19.5,20.0,9.9,Home
Chicago Bulls,2015-16,41.0,26.0,15.0,0.634,48.7,101.8,38.7,88.1,43.9,7.9,21.3,36.8,16.7,21.3,78.3,11.5,37.2,48.7,24.0,13.3,5.9,6.8,5.5,18.1,19.1,1.6,Home
San Antonio Spurs,2015-16,41.0,40.0,1.0,0.976,48.1,105.1,40.6,83.3,48.7,7.3,19.1,38.1,16.6,20.7,80.2,9.7,35.3,45.0,25.6,12.6,8.3,6.0,4.0,17.5,19.7,14.0,Home
New York Knicks,2015-16,41.0,18.0,23.0,0.439,48.6,98.8,37.2,84.9,43.8,7.2,21.4,33.8,17.1,20.8,82.6,10.5,34.3,44.8,20.4,13.1,5.4,5.6,3.9,18.9,18.3,-1.5,Home
Los Angeles Lakers,2015-16,41.0,12.0,29.0,0.293,48.1,96.8,35.1,84.9,41.3,7.0,23.9,29.4,19.6,25.0,78.5,10.8,33.1,44.0,18.9,13.2,7.0,4.3,6.0,19.9,20.0,-6.2,Home
Brooklyn Nets,2015-16,41.0,14.0,27.0,0.341,48.1,98.9,38.4,82.9,46.4,7.0,19.0,36.5,15.1,20.2,75.1,10.0,32.0,42.0,22.7,15.3,7.3,4.0,4.2,17.9,18.6,-5.1,Home
Memphis Grizzlies,2015-16,41.0,26.0,15.0,0.634,48.6,101.9,37.1,83.8,44.3,6.6,18.5,35.8,21.0,26.5,79.4,11.7,30.4,42.1,21.0,12.9,8.9,4.6,5.4,21.6,22.4,0.4,Home
Miami Heat,2015-16,41.0,28.0,13.0,0.683,48.4,103.2,39.1,81.0,48.3,6.3,18.3,34.2,18.7,25.2,74.1,9.7,34.2,43.9,20.5,13.4,7.1,6.3,3.3,18.8,20.5,5.4,Home
Milwaukee Bucks,2015-16,41.0,23.0,18.0,0.561,48.4,100.9,38.9,82.9,46.9,5.4,15.2,35.4,17.8,23.8,74.8,10.4,31.0,41.4,24.1,14.4,8.8,6.0,5.8,20.0,20.4,-1.0,Home
Minnesota Timberwolves,2015-16,41.0,14.0,27.0,0.341,48.1,101.5,37.1,80.1,46.3,5.3,15.7,33.7,21.9,28.0,78.4,10.0,31.5,41.5,23.0,14.7,7.4,4.6,5.1,19.9,21.8,-3.8,Home
Houston Rockets,2017-18,41.0,34.0,7.0,0.829,48.4,114.4,39.2,84.7,46.3,15.5,43.3,35.7,20.5,26.7,76.9,9.3,35.1,44.4,22.4,14.0,8.9,4.7,4.0,19.4,21.2,9.4,Home
Brooklyn Nets,2017-18,41.0,15.0,26.0,0.366,48.4,105.9,37.7,86.5,43.6,12.8,35.9,35.6,17.8,23.0,77.1,9.7,34.5,44.2,22.9,14.4,6.2,5.2,5.9,20.6,19.7,-3.1,Home
Toronto Raptors,2017-18,41.0,34.0,7.0,0.829,48.4,112.2,41.8,88.9,47.0,12.0,33.0,36.4,16.5,20.9,79.0,10.1,34.7,44.9,24.6,13.0,7.4,6.5,4.6,20.9,19.3,10.4,Home
Dallas Mavericks,2017-18,41.0,15.0,26.0,0.366,48.4,103.8,38.3,86.4,44.3,11.8,32.8,36.0,15.5,20.1,76.9,8.4,34.5,42.9,23.0,12.0,7.0,3.8,4.3,19.8,20.0,-0.1,Home
Chicago Bulls,2017-18,41.0,17.0,24.0,0.415,48.2,103.3,38.9,88.9,43.8,11.7,31.9,36.5,13.8,18.0,76.9,9.3,35.0,44.4,24.4,13.4,7.8,3.7,4.9,18.4,16.8,-4.6,Home
Atlanta Hawks,2017-18,41.0,16.0,25.0,0.39,48.0,104.8,38.5,85.0,45.3,11.6,31.9,36.3,16.2,20.6,78.7,8.7,32.9,41.6,25.5,15.1,7.4,4.3,5.0,19.3,20.3,-4.0,Home
Boston Celtics,2017-18,41.0,27.0,14.0,0.659,48.4,105.3,39.1,86.0,45.5,11.4,30.8,36.9,15.8,20.6,76.5,9.3,35.8,45.1,24.1,13.5,7.1,5.2,4.7,20.3,19.1,4.7,Home
Denver Nuggets,2017-18,41.0,31.0,10.0,0.756,48.2,111.6,41.1,86.0,47.8,11.3,30.8,36.8,18.1,24.0,75.7,11.1,34.6,45.7,27.0,14.9,7.6,5.0,4.1,18.4,21.8,6.0,Home
Golden State Warriors,2017-18,41.0,29.0,12.0,0.707,48.0,113.1,43.1,84.5,51.0,11.3,27.7,40.7,15.7,18.9,83.1,8.9,34.6,43.5,30.3,15.7,7.9,7.8,3.6,19.0,17.6,7.6,Home
Cleveland Cavaliers,2017-18,41.0,29.0,12.0,0.707,48.2,111.5,41.0,85.0,48.3,11.2,30.8,36.5,18.1,23.6,76.8,8.3,34.1,42.4,24.2,13.6,7.0,3.6,4.3,17.6,21.4,1.1,Home
Detroit Pistons,2017-18,41.0,25.0,16.0,0.61,48.4,105.7,39.6,86.4,45.9,11.0,29.2,37.8,15.4,20.9,74.0,9.8,35.2,45.0,23.7,13.5,7.1,3.9,4.5,17.7,19.0,3.1,Home
Portland Trail Blazers,2017-18,41.0,28.0,13.0,0.683,48.1,106.8,39.5,86.2,45.9,11.0,29.1,37.9,16.8,20.5,81.6,10.0,35.3,45.2,20.2,13.4,6.7,4.8,5.0,18.7,19.0,4.6,Home
Miami Heat,2017-18,41.0,26.0,15.0,0.634,48.7,104.6,39.4,85.7,46.0,10.9,30.3,36.0,14.9,19.5,76.0,9.8,33.6,43.4,22.2,14.0,7.5,5.3,4.2,19.6,19.6,2.0,Home
Philadelphia 76ers,2017-18,41.0,30.0,11.0,0.732,48.4,111.6,42.2,88.8,47.6,10.8,29.9,35.9,16.4,21.7,75.6,11.3,37.6,49.0,28.1,15.6,8.6,5.7,4.5,21.6,20.0,8.2,Home
Utah Jazz,2017-18,41.0,28.0,13.0,0.683,48.1,104.5,38.3,82.4,46.5,10.7,30.4,35.2,17.2,22.4,76.8,9.0,34.7,43.7,21.8,14.6,8.9,5.1,4.1,19.9,21.2,7.7,Home
Oklahoma City Thunder,2017-18,41.0,27.0,14.0,0.659,48.1,109.0,40.1,86.6,46.4,10.4,29.8,34.8,18.3,25.2,72.6,12.5,32.7,45.2,20.9,14.6,8.9,5.1,4.0,20.0,22.0,5.4,Home
Washington Wizards,2017-18,41.0,23.0,18.0,0.561,48.4,108.5,40.6,84.8,47.9,10.1,26.2,38.7,17.1,22.0,77.9,10.2,34.2,44.4,25.2,15.5,7.8,4.6,4.3,21.6,20.6,3.2,Home
Orlando Magic,2017-18,41.0,17.0,24.0,0.415,48.2,103.7,38.8,85.8,45.3,10.0,29.1,34.5,16.0,21.2,75.4,9.2,34.0,43.2,22.9,15.0,7.8,5.2,4.8,18.8,19.2,-3.6,Home
Charlotte Hornets,2017-18,41.0,21.0,20.0,0.512,48.4,109.9,39.5,86.6,45.6,10.0,27.2,36.6,20.9,27.6,75.8,10.1,35.4,45.5,21.8,13.5,6.8,5.2,5.4,17.3,23.4,1.9,Home
New Orleans Pelicans,2017-18,41.0,24.0,17.0,0.585,48.5,113.3,43.5,87.5,49.7,9.7,27.4,35.2,16.7,21.1,79.0,8.4,34.9,43.4,28.3,15.4,8.4,6.0,3.8,19.0,20.7,1.5,Home
Indiana Pacers,2017-18,41.0,27.0,14.0,0.659,48.4,106.9,41.1,86.1,47.8,9.6,25.6,37.3,15.1,20.0,75.5,9.9,33.5,43.4,22.5,13.4,8.6,4.4,4.8,18.5,18.7,3.0,Home
Memphis Grizzlies,2017-18,41.0,16.0,25.0,0.39,48.1,100.2,36.9,83.4,44.2,9.5,27.5,34.5,17.0,22.0,77.4,10.1,31.7,41.8,22.3,14.7,7.8,5.5,5.7,23.1,21.4,-2.7,Home
Los Angeles Lakers,2017-18,41.0,20.0,21.0,0.488,48.6,106.8,40.7,89.0,45.8,9.4,28.9,32.5,16.0,22.3,71.9,10.8,37.5,48.3,24.4,15.6,7.9,4.8,5.3,20.2,19.7,0.9,Home
LA Clippers,2017-18,41.0,22.0,19.0,0.537,48.0,109.7,40.4,85.0,47.6,9.1,25.9,35.2,19.7,26.5,74.3,10.2,34.0,44.3,23.2,14.5,7.5,4.4,5.6,19.7,22.6,1.0,Home
Phoenix Suns,2017-18,41.0,10.0,31.0,0.244,48.1,103.2,38.4,87.6,43.9,9.0,28.0,32.2,17.3,23.9,72.7,10.3,33.9,44.3,20.0,15.7,6.5,5.1,6.0,22.5,21.7,-10.3,Home
San Antonio Spurs,2017-18,41.0,33.0,8.0,0.805,48.1,105.5,40.3,85.2,47.4,9.0,25.0,35.9,15.8,19.9,79.4,10.1,34.3,44.4,23.6,13.1,7.8,6.0,3.9,16.8,19.1,7.4,Home
New York Knicks,2017-18,41.0,19.0,22.0,0.463,48.5,106.8,41.4,88.1,47.0,8.9,24.1,36.9,15.1,19.6,77.3,10.9,34.5,45.4,22.9,14.7,7.1,4.9,4.7,20.9,18.7,1.1,Home
Sacramento Kings,2017-18,41.0,14.0,27.0,0.341,48.2,100.7,39.6,85.7,46.1,8.9,23.8,37.4,12.7,16.7,76.0,9.3,32.2,41.5,21.8,14.0,7.2,4.1,4.2,19.5,17.4,-5.3,Home
Milwaukee Bucks,2017-18,41.0,25.0,16.0,0.61,48.1,106.8,39.6,81.9,48.3,8.4,24.0,34.9,19.3,24.5,78.6,8.1,31.1,39.2,23.6,13.5,8.6,5.7,4.1,20.9,20.4,1.0,Home
Minnesota Timberwolves,2017-18,41.0,30.0,11.0,0.732,48.4,111.4,41.9,87.0,48.1,8.4,23.3,36.0,19.3,24.4,79.3,11.0,31.9,43.0,24.1,12.2,8.3,4.4,4.5,18.1,21.5,5.7,Home
